Temporada,Fecha,Jornada,Equipo Local,Equipo Visitante,Resultado,Goles Local,Goles Visitante,Penaltis Local,Target,Penaltis Visitante,Arbitro,Amarillas Local,Amarillas Visitante,Rojas Local,Rojas Visitante,Minutos Goles L,Goleadores L,Minutos Goles V,Goleadores V,PTOS L,PTOS V,POSC L,POSC V,FORMA L,FORMA V,Pr PTOS L,Pr PTOS V,Pr G AF L,Pr G AF V,Pr G EC L,Pr G EC  V,Pr TA L,Pr TA V,Pr TR L,Pr TR V,Pr TA ARB,Pr TR ARB
20,16/08/2019,1,AthleticClub,Barcelona,1-0,1,0,0,L,0,Del Cerro Grande,1,1,0,0,"[""89'""]",['Aduriz '],[],[],0,0,0,0,0.0,0.0,0.0,0.0,0.0,0.0,0.0,0.0,0.0,0.0,0.0,0.0,0.0,0.0
20,17/08/2019,1,CeltadeVigo,RealMadrid,1-3,1,3,0,V,0,Estrada Fernández,6,2,0,1,"[""90+1'""]",['Losada '],"[""12'"", ""61'"", ""80'""]","['Benzema ', 'Kroos ', 'Lucas Vázquez ']",0,0,0,0,0.0,0.0,0.0,0.0,0.0,0.0,0.0,0.0,0.0,0.0,0.0,0.0,0.0,0.0
20,17/08/2019,1,Valencia,RealSociedad,1-1,1,1,0,E,1,Gil Manzano,4,4,0,0,"[""58'""]",['Gameiro '],"[""11'""]",['Oyarzabal '],0,0,0,0,0.0,0.0,0.0,0.0,0.0,0.0,0.0,0.0,0.0,0.0,0.0,0.0,0.0,0.0
20,17/08/2019,1,Leganés,Osasuna,0-1,0,1,0,V,0,Alberola Rojas,1,4,1,0,[],[],"[""74'""]",['Chimy '],0,0,0,0,0.0,0.0,0.0,0.0,0.0,0.0,0.0,0.0,0.0,0.0,0.0,0.0,0.0,0.0
20,17/08/2019,1,Villarreal,Granada,4-4,4,4,1,E,1,Cordero Vega,3,1,0,0,"[""34'"", ""52'"", ""65'"", ""72'""]","['Cazorla ', 'Moi Gómez ', 'Gerard Moreno ', 'Chukwueze ']","[""45+6'"", ""62'"", ""75'"", ""80'""]","['Fede Vico ', 'Propia Puerta', 'Soldado ', 'Puertas ']",0,0,0,0,0.0,0.0,0.0,0.0,0.0,0.0,0.0,0.0,0.0,0.0,0.0,0.0,0.0,0.0
20,17/08/2019,1,Mallorca,Eibar,2-1,2,1,0,L,0,Melero López,2,3,0,0,"[""4'"", ""75'""]","['Dani Rodríguez ', 'Propia Puerta']","[""57'""]",['Paulo Oliveira '],0,0,0,0,0.0,0.0,0.0,0.0,0.0,0.0,0.0,0.0,0.0,0.0,0.0,0.0,0.0,0.0
20,18/08/2019,1,Alavés,Levante,1-0,1,0,0,L,0,Soto Grado,2,1,0,0,"[""54'""]",['Joselu '],[],[],0,0,0,0,0.0,0.0,0.0,0.0,0.0,0.0,0.0,0.0,0.0,0.0,0.0,0.0,0.0,0.0
20,18/08/2019,1,Espanyol,Sevilla,0-2,0,2,0,V,0,Martínez Munuera,2,2,0,0,[],[],"[""43'"", ""85'""]","['Reguilón ', 'Nolito ']",0,0,0,0,0.0,0.0,0.0,0.0,0.0,0.0,0.0,0.0,0.0,0.0,0.0,0.0,0.0,0.0
20,18/08/2019,1,AtléticodeMadrid,Getafe,1-0,1,0,0,L,0,Cuadra Fernández,3,4,0,1,"[""23'""]",['Morata '],[],[],0,0,0,0,0.0,0.0,0.0,0.0,0.0,0.0,0.0,0.0,0.0,0.0,0.0,0.0,0.0,0.0
20,18/08/2019,1,Betis,Valladolid,1-2,1,2,0,V,0,Jaime Latre,2,6,1,0,"[""68'""]",['Loren '],"[""62'"", ""88'""]","['Sergi Guardiola ', 'scar Plano ']",0,0,0,0,0.0,0.0,0.0,0.0,0.0,0.0,0.0,0.0,0.0,0.0,0.0,0.0,0.0,0.0
20,25/08/2019,2,Leganés,AtléticodeMadrid,0-1,0,1,0,V,0,De Burgos Bengoetxea,4,5,0,0,[],[],"[""71'""]",['Vitolo '],0,3,18,8,,,0.0,0.0,0.0,0.0,0.0,0.0,1.0,3.0,1.0,0.0,0.0,0.0
20,25/08/2019,2,Barcelona,Betis,5-2,5,2,0,L,0,González González,1,1,0,0,"[""41'"", ""50'"", ""56'"", ""60'"", ""77'""]","['Griezmann ', 'Griezmann ', 'Carles Pérez ', 'Jordi Alba ', 'Vidal ']","[""15'"", ""79'""]","['Fekir ', 'Loren ']",0,0,20,15,,,0.0,0.0,0.0,0.0,0.0,0.0,1.0,2.0,0.0,1.0,0.0,0.0
20,25/08/2019,2,Mallorca,RealSociedad,0-1,0,1,0,V,0,Pizarro Gómez,1,2,0,0,[],[],"[""82'""]",['degaard '],3,1,5,10,,,0.0,0.0,0.0,0.0,0.0,0.0,2.0,4.0,0.0,0.0,0.0,0.0
20,25/08/2019,2,Alavés,Espanyol,0-0,0,0,0,E,0,Prieto Iglesias,3,1,0,0,[],[],[],[],3,0,6,16,,,0.0,0.0,0.0,0.0,0.0,0.0,2.0,2.0,0.0,0.0,0.0,0.0
20,24/08/2019,2,Getafe,AthleticClub,1-1,1,1,0,E,0,Mateu Lahoz,2,1,0,0,"[""11'""]",['Mata '],"[""5'""]",['Raúl García '],0,3,14,1,,,0.0,0.0,0.0,0.0,0.0,0.0,4.0,1.0,1.0,0.0,0.0,0.0
20,24/08/2019,2,Osasuna,Eibar,0-0,0,0,0,E,0,Medié Jiménez,4,4,0,0,[],[],[],[],3,0,2,19,,,0.0,0.0,0.0,0.0,0.0,0.0,4.0,3.0,0.0,0.0,0.0,0.0
20,24/08/2019,2,RealMadrid,Valladolid,1-1,1,1,0,E,0,González Fuertes,2,2,0,0,"[""81'""]",['Benzema '],"[""88'""]",['Sergi Guardiola '],3,3,7,3,,,0.0,0.0,0.0,0.0,0.0,0.0,2.0,6.0,1.0,0.0,0.0,0.0
20,23/08/2019,2,Levante,Villarreal,2-1,2,1,2,L,0,Munuera Montero,1,2,0,0,"[""68'"", ""73'""]","['Roger ', 'Roger ']","[""2'""]",['Gerard Moreno '],0,1,17,11,,,0.0,0.0,0.0,0.0,0.0,0.0,1.0,3.0,0.0,0.0,0.0,0.0
20,23/08/2019,2,Granada,Sevilla,0-1,0,1,0,V,0,Sánchez Martínez,1,1,0,0,[],[],"[""51'""]",['Jordán '],1,3,9,4,,,0.0,0.0,0.0,0.0,0.0,0.0,1.0,2.0,0.0,0.0,0.0,0.0
20,24/08/2019,2,CeltadeVigo,Valencia,1-0,1,0,0,L,0,Hernández Hernández,1,2,0,0,"[""15'""]",['Gabriel Fernández '],[],[],0,1,13,12,,,0.0,0.0,0.0,0.0,0.0,0.0,6.0,4.0,0.0,0.0,0.0,0.0
20,01/09/2019,3,Valencia,Mallorca,2-0,2,0,2,L,0,Alberola Rojas,0,1,0,0,"[""43'"", ""56'""]","['Parejo ', 'Parejo ']",[],[],1,3,13,12,,,0.333,0.0,1.0,0.0,1.0,2.0,3.0,1.5,0.0,0.0,5.0,1.0
20,01/09/2019,3,Villarreal,RealMadrid,2-2,2,2,0,E,0,Gil Manzano,1,4,0,0,"[""12'"", ""74'""]","['Gerard Moreno ', 'Moi Gómez ']","[""45+1'"", ""85'""]","['Bale ', 'Bale ']",1,4,18,7,,,0.333,1.0,4.0,3.0,4.0,1.0,2.5,2.0,0.0,0.5,8.0,0.0
20,01/09/2019,3,Espanyol,Granada,0-3,0,3,0,V,0,Soto Grado,2,3,0,0,[],[],"[""12'"", ""67'"", ""73'""]","['Puertas ', 'Carlos Fernández ', 'Azeez ']",1,1,16,14,,,0.0,0.333,0.0,4.0,2.0,4.0,1.5,1.0,0.0,0.0,3.0,0.0
20,01/09/2019,3,AtléticodeMadrid,Eibar,3-2,3,2,0,L,0,Jaime Latre,0,3,0,0,"[""27'"", ""52'"", ""89'""]","['João Félix ', 'Vitolo ', 'Thomas ']","[""7'"", ""19'""]","['Charles ', 'Arbilla ']",6,1,2,17,,,1.0,0.0,1.0,1.0,0.0,2.0,4.0,3.5,0.0,0.0,8.0,1.0
20,31/08/2019,3,Betis,Leganés,2-1,2,1,0,L,0,Cuadra Fernández,4,2,0,0,"[""53'"", ""61'""]","['Loren ', 'Fekir ']","[""50'""]",['Braithwaite '],0,0,19,20,,,0.0,0.0,1.0,1.0,2.0,2.0,1.5,2.5,0.5,0.5,7.0,1.0
20,30/08/2019,3,AthleticClub,RealSociedad,2-0,2,0,0,L,0,Estrada Fernández,2,3,0,0,"[""10'"", ""27'""]","['Williams ', 'Raúl García ']",[],[],4,4,3,8,,,1.0,0.333,1.0,1.0,0.0,1.0,1.0,3.0,0.0,0.0,8.0,1.0
20,31/08/2019,3,Getafe,Alavés,1-1,1,1,0,E,0,Melero López,3,1,0,0,"[""24'""]",['Jorge Molina '],"[""31'""]",['Joselu '],1,4,15,6,,,0.333,0.333,1.0,1.0,1.0,1.0,3.0,2.5,0.5,0.0,5.0,0.0
20,31/08/2019,3,Osasuna,Barcelona,2-2,2,2,1,E,0,Martínez Munuera,3,4,0,0,"[""6'"", ""80'""]","['Roberto Torres ', 'Roberto Torres ']","[""50'"", ""63'""]","['Ansu Fati ', 'Arthur ']",4,3,4,11,,,0.333,0.0,0.0,0.0,0.0,1.0,4.0,1.0,0.0,0.0,4.0,0.0
20,30/08/2019,3,Sevilla,CeltadeVigo,1-1,1,1,0,E,0,Del Cerro Grande,4,2,0,0,"[""80'""]",['Vázquez '],"[""83'""]",['Denis Suárez '],6,3,1,10,,,0.333,0.333,1.0,1.0,1.0,1.0,1.5,3.5,0.0,0.0,2.0,0.0
20,31/08/2019,3,Levante,Valladolid,2-0,2,0,0,L,0,Cordero Vega,2,2,0,0,"[""82'"", ""90+3'""]","['Sergio León ', 'Morales ']",[],[],3,4,9,5,,,1.0,1.0,2.0,2.0,1.0,1.0,1.0,4.0,0.0,0.0,4.0,0.0
20,15/09/2019,4,Valladolid,Osasuna,1-1,1,1,0,E,0,Munuera Montero,0,1,0,0,"[""65'""]",['Hervías '],"[""81'""]",['Rober Ibáñez '],4,5,13,5,,,0.333,1.0,1.0,1.0,1.0,0.0,3.333,3.667,0.0,0.0,3.0,0.0
20,15/09/2019,4,Eibar,Espanyol,1-2,1,2,0,V,0,Pizarro Gómez,2,4,0,0,"[""58'""]",['Ramis '],"[""76'"", ""78'""]","['Ferreyra ', 'Granero ']",1,1,19,18,,,0.0,0.333,1.0,0.0,2.0,0.0,3.333,1.667,0.0,0.0,3.0,0.0
20,15/09/2019,4,CeltadeVigo,Granada,0-2,0,2,0,V,0,Prieto Iglesias,4,2,2,0,[],[],"[""45+6'"", ""53'""]","['Germán ', 'Herrera ']",4,4,11,8,,,0.0,0.333,1.0,4.0,3.0,4.0,3.0,1.667,0.0,0.0,4.0,0.0
20,15/09/2019,4,Betis,Getafe,1-1,1,1,1,E,1,González González,3,6,2,0,"[""73'""]",['Joaquín '],"[""15'""]",['Mata '],3,2,15,16,,,0.0,0.0,1.0,0.0,2.0,1.0,2.333,3.0,0.333,0.333,2.0,0.0
20,15/09/2019,4,Alavés,Sevilla,0-1,0,1,0,V,0,Hernández Hernández,5,5,0,0,[],[],"[""37'""]",['Jordán '],5,7,6,2,,,1.0,1.0,1.0,2.0,0.0,0.0,2.0,2.333,0.0,0.0,3.0,0.0
20,14/09/2019,4,RealSociedad,AtléticodeMadrid,2-0,2,0,0,L,0,Mateu Lahoz,1,3,0,0,"[""57'"", ""61'""]","['degaard ', 'Monreal ']",[],[],4,9,12,1,,,1.0,1.0,2.0,1.0,0.0,0.0,3.0,2.667,0.0,0.0,3.0,0.0
20,14/09/2019,4,Leganés,Villarreal,0-3,0,3,0,V,0,Medié Jiménez,2,0,0,0,[],[],"[""26'"", ""37'"", ""90+3'""]","['Gerard Moreno ', 'Propia Puerta', 'Gerard Moreno ']",0,2,20,17,,,0.0,0.0,0.0,1.0,1.0,2.0,2.333,2.0,0.333,0.0,8.0,0.0
20,14/09/2019,4,Barcelona,Valencia,5-2,5,2,0,L,0,Sánchez Martínez,1,4,0,0,"[""2'"", ""6'"", ""48'"", ""61'"", ""82'""]","['Ansu Fati ', 'De Jong ', 'Piqué ', 'Luis Suárez ', 'Luis Suárez ']","[""27'"", ""90+2'""]","['Gameiro ', 'Maxi Gómez ']",4,4,10,9,,,1.0,0.0,5.0,0.0,2.0,1.0,2.0,2.0,0.0,0.0,2.0,0.0
20,13/09/2019,4,Mallorca,AthleticClub,0-0,0,0,0,E,0,González Fuertes,4,3,0,0,[],[],[],[],3,7,14,3,,,1.0,0.333,2.0,1.0,1.0,1.0,1.333,1.333,0.0,0.0,4.0,0.0
20,14/09/2019,4,RealMadrid,Levante,3-2,3,2,0,L,0,De Burgos Bengoetxea,2,2,0,0,"[""25'"", ""31'"", ""40'""]","['Benzema ', 'Benzema ', 'Casemiro ']","[""49'"", ""75'""]","['Mayoral ', 'Melero ']",5,6,7,4,,,0.333,0.0,1.0,0.0,1.0,1.0,2.667,1.333,0.333,0.0,9.0,0.0
20,22/09/2019,5,Espanyol,RealSociedad,1-3,1,3,0,V,0,Cordero Vega,1,0,0,0,"[""70'""]",['Propia Puerta'],"[""17'"", ""34'"", ""74'""]","['Willian José ', 'Willian José ', 'Isak ']",4,7,14,7,,,0.0,0.667,0.0,1.0,2.5,0.5,2.25,2.5,0.0,0.0,4.0,0.0
20,22/09/2019,5,Valencia,Leganés,1-1,1,1,1,E,0,Estrada Fernández,3,4,0,0,"[""21'""]",['Parejo '],"[""35'""]",['scar Rodríguez '],4,0,17,20,,,0.667,0.167,1.5,1.0,0.5,1.5,2.5,2.25,0.0,0.25,6.5,0.5
20,22/09/2019,5,Sevilla,RealMadrid,0-1,0,1,0,V,0,Martínez Munuera,3,2,0,0,[],[],"[""64'""]",['Benzema '],10,8,1,4,,,0.167,0.667,0.5,2.5,1.0,1.5,3.0,2.5,0.0,0.25,5.5,0.0
20,22/09/2019,5,AthleticClub,Alavés,2-0,2,0,1,L,0,Gil Manzano,1,4,0,0,"[""38'"", ""73'""]","['Raúl García ', 'Muniain ']",[],[],8,5,3,10,,,1.0,0.167,1.5,0.5,0.0,1.5,1.75,2.75,0.0,0.0,6.5,0.0
20,22/09/2019,5,Getafe,Mallorca,4-2,4,2,1,L,0,Jaime Latre,4,5,0,0,"[""7'"", ""33'"", ""62'"", ""84'""]","['Propia Puerta', 'Jorge Molina ', 'Nyom ', 'ngel ']","[""69'"", ""76'""]","['Budimir ', 'Budimir ']",3,4,18,16,,,0.333,0.0,1.0,1.0,1.0,3.0,3.75,2.0,0.25,0.0,5.5,0.5
20,21/09/2019,5,Levante,Eibar,0-0,0,0,0,E,0,Alberola Rojas,0,2,0,0,[],[],[],[],6,1,8,19,,,1.0,0.167,2.0,0.5,0.5,1.0,1.5,3.0,0.0,0.0,3.0,0.5
20,21/09/2019,5,Granada,Barcelona,2-0,2,0,1,L,0,Cuadra Fernández,3,2,0,0,"[""2'"", ""65'""]","['Azeez ', 'Vadillo ']",[],[],7,7,5,6,,,0.5,0.167,1.0,1.0,0.5,1.5,1.75,1.75,0.0,0.0,6.5,0.5
20,21/09/2019,5,Villarreal,Valladolid,2-0,2,0,1,L,0,Soto Grado,2,1,0,0,"[""77'"", ""89'""]","['Cazorla ', 'Ontiveros ']",[],[],5,5,12,11,,,0.333,0.667,3.0,1.5,3.0,1.0,1.5,2.5,0.0,0.0,4.0,0.0
20,21/09/2019,5,AtléticodeMadrid,CeltadeVigo,0-0,0,0,0,E,0,Melero López,3,5,0,0,[],[],[],[],9,4,2,15,,,1.0,0.333,2.0,0.5,1.0,0.5,2.75,3.25,0.0,0.5,4.5,0.0
20,20/09/2019,5,Osasuna,Betis,0-0,0,0,0,E,0,Del Cerro Grande,1,2,0,0,[],[],[],[],6,4,9,13,,,0.333,0.167,1.0,1.0,1.0,2.5,3.0,2.5,0.0,0.75,4.0,0.0
20,26/09/2019,6,RealSociedad,Alavés,3-0,3,0,1,L,0,Medié Jiménez,1,4,0,0,"[""19'"", ""32'"", ""41'""]","['Oyarzabal ', 'Willian José ', 'Oyarzabal ']",[],[],10,5,5,16,10.0,5.0,1.0,0.167,2.5,0.5,0.0,1.5,2.0,3.0,0.0,0.0,5.0,0.0
20,26/09/2019,6,Eibar,Sevilla,3-2,3,2,1,L,0,González Fuertes,3,4,0,0,"[""66'"", ""77'"", ""82'""]","['Orellana ', 'Pedro León ', 'Cote ']","[""11'"", ""33'""]","['Ocampos ', 'liver Torres ']",2,10,19,3,2.0,10.0,0.5,1.0,2.0,1.5,2.0,0.0,2.8,3.0,0.0,0.0,5.5,0.0
20,26/09/2019,6,CeltadeVigo,Espanyol,1-1,1,1,0,E,0,Sánchez Martínez,2,5,0,0,"[""90+5'""]",['Santi Mina '],"[""48'""]",['Pedrosa '],5,4,12,17,5.0,4.0,0.5,0.667,1.0,1.0,1.5,0.5,3.6,2.0,0.4,0.0,3.5,0.0
20,25/09/2019,6,Valencia,Getafe,3-3,3,3,0,E,0,Munuera Montero,1,4,0,0,"[""30'"", ""34'"", ""39'""]","['Maxi Gómez ', 'Maxi Gómez ', 'Lee ']","[""1'"", ""66'"", ""69'""]","['Mata ', 'Jason ', 'ngel ']",5,6,13,11,5.0,6.0,0.667,0.167,1.5,0.5,0.5,1.0,2.6,3.8,0.0,0.2,2.0,0.0
20,25/09/2019,6,RealMadrid,Osasuna,2-0,2,0,0,L,0,Mateu Lahoz,2,2,0,0,"[""35'"", ""72'""]","['Vinícius ', 'Rodrygo ']",[],[],11,7,2,10,11.0,7.0,0.667,0.667,2.0,1.0,1.5,0.5,2.4,2.6,0.2,0.0,3.5,0.0
20,25/09/2019,6,Mallorca,AtléticodeMadrid,0-2,0,2,0,V,0,Hernández Hernández,3,5,0,0,[],[],"[""26'"", ""64'""]","['Diego Costa ', 'João Félix ']",4,10,18,6,4.0,10.0,0.5,0.5,1.0,0.5,1.0,1.0,2.6,2.8,0.0,0.0,6.5,0.0
20,25/09/2019,6,Leganés,AthleticClub,1-1,1,1,0,E,1,González González,0,1,0,0,"[""62'""]",['scar Rodríguez '],"[""59'""]",['Raúl García '],1,11,20,1,1.0,11.0,0.0,0.333,0.0,0.5,1.0,0.5,2.6,1.6,0.2,0.0,5.5,1.0
20,24/09/2019,6,Valladolid,Granada,1-1,1,1,0,E,0,Pizarro Gómez,3,2,0,0,"[""12'""]",['scar Plano '],"[""42'""]",['Carlos Fernández '],5,10,14,4,5.0,10.0,0.333,0.667,1.0,3.5,1.0,2.0,2.2,2.0,0.0,0.0,4.5,0.0
20,24/09/2019,6,Betis,Levante,3-1,3,1,0,L,0,Prieto Iglesias,2,2,0,0,"[""45+3'"", ""49'"", ""67'""]","['Loren ', 'Loren ', 'Borja Iglesias ']","[""7'""]",['Hernâni '],5,7,15,9,5.0,7.0,0.5,0.0,1.5,1.0,1.5,2.0,2.4,1.2,0.6,0.0,5.0,1.0
20,24/09/2019,6,Barcelona,Villarreal,2-1,2,1,0,L,0,De Burgos Bengoetxea,4,2,0,0,"[""5'"", ""14'""]","['Griezmann ', 'Arthur ']","[""43'""]",['Cazorla '],7,8,8,7,7.0,8.0,1.0,0.5,5.0,2.0,2.0,1.0,1.8,1.6,0.0,0.0,6.5,0.0
20,29/09/2019,7,Levante,Osasuna,1-1,1,1,0,E,0,Soto Grado,6,0,0,0,"[""4'""]",['Hernâni '],"[""56'""]",['Rubén García '],7,7,12,11,7.0,4.0,0.778,0.444,1.333,0.667,0.333,1.0,1.333,2.5,0.0,0.0,3.667,0.0
20,29/09/2019,7,Espanyol,Valladolid,0-2,0,2,0,V,1,Cuadra Fernández,2,0,1,0,[],[],"[""25'"", ""90+4'""]","['Míchel ', 'scar Plano ']",5,6,17,15,5.0,3.0,0.0,0.444,0.333,1.0,2.667,1.333,2.5,2.333,0.0,0.0,6.0,0.333
20,29/09/2019,7,Eibar,CeltadeVigo,2-0,2,0,0,L,0,Martínez Munuera,3,1,0,0,"[""46'"", ""60'""]","['Edu Expósito ', 'Orellana ']",[],[],5,6,18,13,5.0,6.0,0.667,0.222,2.0,0.333,1.333,1.0,2.833,3.333,0.0,0.333,5.333,0.0
20,29/09/2019,7,Alavés,Mallorca,2-0,2,0,1,L,0,Del Cerro Grande,2,3,0,0,"[""76'"", ""85'""]","['Lucas Pérez ', 'Joselu ']",[],[],5,4,16,19,2.0,1.0,0.444,0.0,0.333,0.667,0.333,2.667,3.167,2.667,0.0,0.0,3.667,0.0
20,29/09/2019,7,Sevilla,RealSociedad,3-2,3,2,0,L,0,Alberola Rojas,1,1,0,0,"[""18'"", ""47'"", ""80'""]","['Nolito ', 'Ocampos ', 'Vázquez ']","[""4'"", ""87'""]","['Oyarzabal ', 'Portu ']",10,13,6,2,7.0,12.0,0.444,0.444,1.333,0.667,1.333,1.0,3.167,1.833,0.0,0.0,2.667,0.333
20,28/09/2019,7,Getafe,Barcelona,0-2,0,2,0,V,0,Gil Manzano,4,4,0,0,[],[],"[""41'"", ""49'""]","['Luis Suárez ', 'Junior Firpo ']",7,10,10,7,7.0,10.0,0.556,0.111,2.0,0.667,1.333,1.667,3.833,2.167,0.167,0.0,6.0,0.0
20,28/09/2019,7,AtléticodeMadrid,RealMadrid,0-0,0,0,0,E,0,González González,1,2,0,0,[],[],[],[],13,14,3,1,10.0,11.0,0.778,0.778,1.333,2.0,0.667,1.0,3.167,2.333,0.0,0.167,4.0,0.667
20,28/09/2019,7,AthleticClub,Valencia,0-1,0,1,0,V,0,Melero López,2,5,0,0,[],[],"[""27'""]",['Cheryshev '],12,6,4,14,9.0,5.0,1.0,0.333,1.667,1.0,0.0,2.0,1.5,2.333,0.0,0.0,5.667,0.0
20,27/09/2019,7,Villarreal,Betis,5-1,5,1,1,L,0,Estrada Fernández,2,2,0,0,"[""38'"", ""68'"", ""75'"", ""90+2'"", ""90+4'""]","['Ekambi ', 'Cazorla ', 'Ekambi ', 'Gerard Moreno ', 'Chukwueze ']","[""48'""]",['Emerson Royal '],8,8,8,9,7.0,8.0,0.556,0.111,2.667,1.0,2.0,3.333,1.667,2.333,0.0,0.5,6.667,0.333
20,28/09/2019,7,Granada,Leganés,1-0,1,0,0,L,0,Cordero Vega,3,4,0,0,"[""29'""]",['Puertas '],[],[],11,2,5,20,10.0,2.0,0.667,0.111,1.0,0.667,0.333,1.333,2.0,2.167,0.0,0.167,3.0,0.0
20,06/10/2019,8,RealSociedad,Getafe,1-2,1,2,0,V,0,González Fuertes,2,4,0,0,"[""5'""]",['Merino '],"[""68'"", ""88'""]","['Mata ', 'Maksimović ']",13,7,6,16,9.0,6.0,0.667,0.222,2.0,1.333,0.667,1.667,1.714,3.857,0.0,0.143,6.0,0.0
20,06/10/2019,8,Mallorca,Espanyol,2-0,2,0,0,L,0,De Burgos Bengoetxea,1,3,0,0,"[""39'"", ""72'""]","['Budimir ', 'Salva Sevilla ']",[],[],4,5,19,18,1.0,4.0,0.444,0.556,0.667,1.0,0.667,0.667,2.714,2.429,0.0,0.143,6.333,0.0
20,06/10/2019,8,CeltadeVigo,AthleticClub,1-0,1,0,0,L,0,Medié Jiménez,0,5,0,0,"[""74'""]",['Iago Aspas '],[],[],6,12,17,7,3.0,8.0,0.333,0.333,0.667,0.667,1.667,0.667,3.0,1.571,0.286,0.0,5.0,0.0
20,06/10/2019,8,Barcelona,Sevilla,4-0,4,0,0,L,0,Mateu Lahoz,5,3,2,0,"[""26'"", ""32'"", ""34'"", ""77'""]","['Luis Suárez ', 'Vidal ', 'Dembélé ', 'Messi ']",[],[],13,13,5,4,10.0,7.0,1.0,1.0,4.0,1.333,1.667,0.0,2.429,2.857,0.0,0.0,3.667,0.0
20,06/10/2019,8,Valladolid,AtléticodeMadrid,0-0,0,0,0,E,0,Sánchez Martínez,6,4,0,0,[],[],[],[],9,14,10,2,5.0,8.0,0.333,0.667,0.667,1.0,0.667,0.667,2.0,2.857,0.0,0.0,4.667,0.0
20,05/10/2019,8,RealMadrid,Granada,4-2,4,2,0,L,1,Jaime Latre,4,5,0,0,"[""2'"", ""45+1'"", ""61'"", ""90+2'""]","['Benzema ', 'Hazard ', 'Modrić ', 'James Rodríguez ']","[""69'"", ""77'""]","['Machís ', 'Duarte ']",15,14,1,3,11.0,13.0,0.778,0.778,2.0,3.0,1.0,1.333,2.286,2.143,0.143,0.0,6.667,0.333
20,05/10/2019,8,Osasuna,Villarreal,2-1,2,1,0,L,0,Pizarro Gómez,2,2,0,0,"[""46'"", ""79'""]","['Roncaglia ', 'Chimy ']","[""4'""]",['Pau Torres '],8,11,13,8,4.0,10.0,0.333,0.333,0.667,1.667,0.667,1.333,2.143,1.714,0.0,0.0,4.667,0.0
20,05/10/2019,8,Leganés,Levante,1-2,1,2,0,V,1,Munuera Montero,3,5,0,0,"[""75'""]",['Braithwaite '],"[""45+2'"", ""48'""]","['Roger ', 'Campaña ']",2,8,20,14,2.0,5.0,0.0,0.0,0.0,1.0,1.667,2.333,2.429,2.0,0.143,0.0,3.0,0.0
20,04/10/2019,8,Betis,Eibar,1-1,1,1,0,E,1,Hernández Hernández,3,6,0,0,"[""68'""]",['Loren '],"[""33'""]",['Orellana '],8,8,15,11,8.0,7.0,0.444,0.111,1.333,1.0,1.333,1.667,2.286,2.857,0.429,0.0,7.0,0.0
20,05/10/2019,8,Valencia,Alavés,2-1,2,1,1,L,0,Prieto Iglesias,1,3,0,0,"[""26'"", ""80'""]","['Maxi Gómez ', 'Parejo ']","[""89'""]",['Lucas Pérez '],9,8,9,12,8.0,4.0,0.556,0.111,1.333,0.333,0.667,2.0,2.714,3.0,0.0,0.0,4.667,0.667
20,20/10/2019,9,Sevilla,Levante,1-0,1,0,0,L,0,Cuadra Fernández,2,2,0,0,"[""86'""]",['De Jong '],[],[],13,11,5,11,6.0,5.0,0.583,0.25,1.25,1.25,1.0,2.0,2.875,2.375,0.0,0.0,5.0,0.5
20,20/10/2019,9,RealSociedad,Betis,3-1,3,1,0,L,0,Soto Grado,4,2,0,0,"[""22'"", ""36'"", ""58'""]","['Propia Puerta', 'Willian José ', 'Portu ']","[""12'""]",['Loren '],13,9,6,16,9.0,6.0,0.75,0.083,2.25,1.0,0.75,3.25,1.75,2.375,0.0,0.375,4.25,0.0
20,20/10/2019,9,Espanyol,Villarreal,0-1,0,1,0,V,0,Del Cerro Grande,2,1,0,0,[],[],"[""17'""]",['Ekambi '],5,11,19,9,4.0,9.0,0.0,0.25,0.25,1.5,2.5,1.5,2.5,1.75,0.125,0.0,4.0,0.0
20,20/10/2019,9,AthleticClub,Valladolid,1-1,1,1,0,E,0,Gil Manzano,2,3,0,0,"[""32'""]",['Williams '],"[""71'""]",['Propia Puerta'],12,10,7,13,5.0,6.0,0.75,0.333,1.25,0.75,0.25,1.5,2.0,2.5,0.0,0.0,6.5,0.0
20,20/10/2019,9,Alavés,CeltadeVigo,2-0,2,0,0,L,0,González González,5,1,0,0,"[""48'"", ""81'""]","['Magallán ', 'Lucas Pérez ']",[],[],8,9,17,14,3.0,5.0,0.583,0.167,0.75,0.25,0.25,1.25,3.0,2.625,0.0,0.25,3.75,0.5
20,19/10/2019,9,Mallorca,RealMadrid,1-0,1,0,0,L,0,Alberola Rojas,2,2,0,0,"[""7'""]",['Lago Junior '],[],[],7,18,18,1,4.0,13.0,0.333,0.667,0.5,1.5,1.0,0.75,2.5,2.5,0.0,0.125,2.5,0.25
20,19/10/2019,9,Eibar,Barcelona,0-3,0,3,0,V,0,Melero López,5,0,0,0,[],[],"[""13'"", ""57'"", ""66'""]","['Griezmann ', 'Messi ', 'Luis Suárez ']",9,16,15,2,8.0,12.0,0.5,0.333,1.5,1.0,1.75,1.25,3.25,2.75,0.0,0.25,6.0,0.0
20,19/10/2019,9,AtléticodeMadrid,Valencia,1-1,1,1,1,E,0,Cordero Vega,2,1,0,1,"[""35'""]",['Diego Costa '],"[""81'""]",['Parejo '],15,12,3,8,6.0,8.0,0.667,0.333,1.0,1.0,0.5,1.75,3.0,2.5,0.0,0.0,4.0,0.0
20,18/10/2019,9,Granada,Osasuna,1-0,1,0,0,L,0,Estrada Fernández,2,8,0,0,"[""38'""]",['Duarte '],[],[],14,11,4,10,10.0,6.0,0.75,0.417,1.0,0.75,0.25,1.0,2.5,2.125,0.0,0.0,6.0,0.25
20,19/10/2019,9,Getafe,Leganés,2-0,2,0,0,L,0,Martínez Munuera,1,4,0,0,"[""63'"", ""84'""]","['ngel ', 'ngel ']",[],[],10,2,12,20,8.0,2.0,0.417,0.083,1.5,0.5,1.5,1.5,3.875,2.5,0.125,0.125,5.0,0.0
20,27/10/2019,10,Levante,Espanyol,0-1,0,1,0,V,0,González Fuertes,2,3,0,0,[],[],"[""38'""]",['Bernardo '],11,5,13,19,5.0,1.0,0.667,0.417,1.25,0.75,0.5,1.0,2.333,2.444,0.0,0.111,6.0,0.0
20,18/12/2019,10,Barcelona,RealMadrid,0-0,0,0,0,E,0,Hernández Hernández,3,5,0,0,[],[],[],[],19,18,1,2,12.0,10.0,1.0,0.667,4.0,1.5,1.25,0.75,2.444,2.444,0.222,0.111,7.5,0.0
20,27/10/2019,10,Sevilla,Getafe,2-0,2,0,0,L,0,Sánchez Martínez,2,3,0,0,"[""69'"", ""78'""]","['Chicharito Hernández ', 'Ocampos ']",[],[],16,13,5,10,6.0,10.0,0.583,0.417,1.25,1.5,1.0,1.5,2.778,3.556,0.0,0.111,6.0,0.0
20,27/10/2019,10,Osasuna,Valencia,3-1,3,1,0,L,0,Jaime Latre,1,1,0,1,"[""34'"", ""48'"", ""80'""]","['Oier ', 'Rubén García ', 'Estupiñán ']","[""14'""]",['Rodrigo '],11,13,14,9,5.0,9.0,0.5,0.333,1.0,1.0,0.75,1.75,2.778,2.333,0.0,0.111,7.25,0.25
20,27/10/2019,10,Granada,Betis,1-0,1,0,0,L,0,Mateu Lahoz,3,4,0,0,"[""61'""]",['Vadillo '],[],[],17,9,3,18,10.0,5.0,0.75,0.083,1.0,1.0,0.25,3.25,2.444,2.333,0.0,0.333,4.75,0.5
20,26/10/2019,10,AtléticodeMadrid,AthleticClub,2-0,2,0,0,L,0,Hernández Hernández,2,2,0,0,"[""27'"", ""63'""]","['Saúl ', 'Morata ']",[],[],16,13,4,8,7.0,5.0,0.667,0.25,1.0,0.5,0.5,0.75,2.889,2.0,0.0,0.0,7.6,0.0
20,26/10/2019,10,Valladolid,Eibar,2-0,2,0,0,L,0,Munuera Montero,1,2,0,0,"[""9'"", ""39'""]","['Sergi Guardiola ', 'Salisu ']",[],[],11,9,11,17,6.0,8.0,0.5,0.167,1.0,0.75,0.5,1.25,2.556,3.444,0.0,0.0,4.25,0.0
20,26/10/2019,10,Leganés,Mallorca,1-0,1,0,0,L,0,Prieto Iglesias,4,1,0,0,"[""30'""]",['Braithwaite '],[],[],2,10,20,15,2.0,6.0,0.083,0.0,0.25,0.5,1.5,2.25,2.667,2.444,0.111,0.0,4.5,0.5
20,27/10/2019,10,CeltadeVigo,RealSociedad,0-1,0,1,0,V,0,Pizarro Gómez,5,2,0,0,[],[],"[""82'""]",['Isak '],9,16,16,6,5.0,9.0,0.333,0.583,0.75,1.25,1.5,1.0,2.444,2.0,0.222,0.0,4.5,0.0
20,25/10/2019,10,Villarreal,Alavés,4-1,4,1,0,L,0,Medié Jiménez,2,2,0,0,"[""13'"", ""65'"", ""83'"", ""90'""]","['Ekambi ', 'Ekambi ', 'Gerard Moreno ', 'Ontiveros ']","[""50'""]",['Lucas Pérez '],14,11,7,12,9.0,6.0,0.667,0.083,3.25,0.5,1.75,2.0,1.667,3.222,0.0,0.0,5.0,0.0
20,31/10/2019,11,Mallorca,Osasuna,2-2,2,2,2,E,0,Cordero Vega,1,5,0,0,"[""21'"", ""74'""]","['Lago Junior ', 'Salva Sevilla ']","[""68'"", ""77'""]","['Cardona ', 'Rubén García ']",10,14,15,8,6.0,7.0,0.467,0.333,0.8,0.6,0.8,1.0,2.3,2.6,0.0,0.0,3.8,0.2
20,31/10/2019,11,Getafe,Granada,3-1,3,1,0,L,0,González González,5,5,0,0,"[""34'"", ""41'"", ""88'""]","['ngel ', 'Arambarri ', 'Timor ']","[""73'""]",['Puertas '],13,20,10,2,7.0,10.0,0.533,0.533,1.6,2.4,1.2,1.8,3.5,2.5,0.1,0.0,4.2,0.4
20,31/10/2019,11,Eibar,Villarreal,2-1,2,1,0,L,0,Cuadra Fernández,0,3,0,0,"[""62'"", ""90+5'""]","['Kike García ', 'Orellana ']","[""88'""]",['Gerard Moreno '],9,17,17,7,7.0,9.0,0.6,0.4,1.6,1.4,1.6,1.2,3.3,1.7,0.0,0.0,4.8,0.4
20,30/10/2019,11,Valencia,Sevilla,1-1,1,1,0,E,0,Del Cerro Grande,6,3,0,0,"[""80'""]",['Sobrino '],"[""45+3'""]",['Ocampos '],13,19,11,5,8.0,9.0,0.6,0.6,1.8,1.2,1.2,1.4,2.2,2.7,0.2,0.0,3.8,0.0
20,30/10/2019,11,RealSociedad,Levante,1-2,1,2,0,V,0,Melero López,3,4,0,0,"[""47'""]",['Willian José '],"[""24'"", ""40'""]","['Bardhi ', 'Mayoral ']",19,11,6,14,9.0,4.0,0.6,0.2,2.0,1.0,1.0,1.8,2.0,2.3,0.0,0.0,5.8,0.0
20,30/10/2019,11,Betis,CeltadeVigo,2-1,2,1,0,L,1,Gil Manzano,6,1,0,0,"[""8'"", ""90'""]","['Emerson Royal ', 'Fekir ']","[""70'""]",['Iago Aspas '],9,9,18,16,4.0,4.0,0.533,0.133,1.6,0.4,1.2,1.4,2.5,2.7,0.3,0.2,6.2,0.0
20,30/10/2019,11,AthleticClub,Espanyol,3-0,3,0,0,L,0,Martínez Munuera,0,1,0,0,"[""5'"", ""17'"", ""79'""]","['Muniain ', 'Muniain ', 'Propia Puerta']",[],[],13,8,12,19,2.0,4.0,0.667,0.533,1.2,0.8,0.4,0.8,2.0,2.5,0.0,0.1,5.0,0.0
20,29/10/2019,11,Barcelona,Valladolid,5-1,5,1,0,L,0,Alberola Rojas,0,3,0,0,"[""2'"", ""28'"", ""33'"", ""75'"", ""77'""]","['Lenglet ', 'Vidal ', 'Messi ', 'Messi ', 'Luis Suárez ']","[""14'""]",['Kiko Olivas '],20,14,1,9,13.0,9.0,0.867,0.467,3.2,1.0,1.0,1.2,2.5,2.4,0.2,0.0,2.8,0.2
20,29/10/2019,11,Alavés,AtléticodeMadrid,1-1,1,1,0,E,0,Estrada Fernández,3,3,0,0,"[""83'""]",['Lucas Pérez '],"[""70'""]",['Morata '],11,19,13,4,6.0,9.0,0.667,0.533,1.0,0.8,0.2,0.6,3.1,2.8,0.0,0.0,6.8,0.2
20,30/10/2019,11,RealMadrid,Leganés,5-0,5,0,2,L,0,Soto Grado,1,5,0,0,"[""6'"", ""8'"", ""24'"", ""69'"", ""90+1'""]","['Rodrygo ', 'Kroos ', 'Sergio Ramos ', 'Benzema ', 'Jović ']",[],[],19,5,3,20,8.0,4.0,0.867,0.067,3.0,0.4,1.0,2.2,2.7,2.8,0.1,0.1,4.6,0.0
20,03/11/2019,12,Leganés,Eibar,1-2,1,2,0,V,0,González Fuertes,5,2,0,0,"[""5'""]",['Nesyri '],"[""17'"", ""83'""]","['Charles ', 'Kike García ']",5,12,20,15,3.0,7.0,0.067,0.2,0.4,0.8,1.6,1.2,3.0,3.0,0.091,0.0,5.8,0.0
20,03/11/2019,12,Valladolid,Mallorca,3-0,3,0,1,L,0,Medié Jiménez,5,4,0,0,"[""39'"", ""49'"", ""90+4'""]","['Joaquín ', 'nal ', 'Sandro ']",[],[],14,11,13,17,8.0,7.0,0.6,0.0,1.4,0.4,0.4,2.4,2.455,2.182,0.0,0.0,4.8,0.0
20,03/11/2019,12,Villarreal,AthleticClub,0-0,0,0,0,E,0,Jaime Latre,2,0,0,0,[],[],[],[],17,16,7,8,9.0,4.0,0.733,0.2,3.4,0.4,1.6,1.0,1.818,1.818,0.0,0.0,6.2,0.4
20,03/11/2019,12,Osasuna,Alavés,4-2,4,2,2,L,1,Munuera Montero,4,2,0,0,"[""20'"", ""26'"", ""45+6'"", ""55'""]","['Rubén García ', 'Chimy ', 'Roberto Torres ', 'Villar ']","[""27'"", ""51'""]","['Laguardia ', 'Lucas Pérez ']",15,12,10,14,8.0,7.0,0.6,0.067,1.4,0.6,0.8,2.4,2.818,3.091,0.0,0.0,4.0,0.0
20,03/11/2019,12,Granada,RealSociedad,1-2,1,2,0,V,0,Prieto Iglesias,0,2,0,0,"[""35'""]",['Vadillo '],"[""21'"", ""88'""]","['Portu ', 'Portu ']",20,19,5,6,9.0,6.0,0.8,0.467,1.0,1.4,0.2,1.4,2.727,2.091,0.0,0.0,4.6,0.4
20,03/11/2019,12,CeltadeVigo,Getafe,0-1,0,1,0,V,0,Mateu Lahoz,3,3,0,0,[],[],"[""37'""]",['Kenedy '],9,16,18,9,3.0,9.0,0.467,0.333,0.8,1.2,1.2,1.6,2.545,3.636,0.182,0.091,5.2,0.4
20,02/11/2019,12,Sevilla,AtléticodeMadrid,1-1,1,1,0,E,0,González González,4,3,0,0,"[""27'""]",['Vázquez '],"[""59'""]",['Morata '],20,20,4,3,10.0,7.0,0.667,0.533,1.4,0.8,0.8,0.6,2.727,2.818,0.0,0.0,5.167,0.333
20,02/11/2019,12,RealMadrid,Betis,0-0,0,0,0,E,0,Sánchez Martínez,2,4,0,0,[],[],[],[],22,12,2,16,8.0,4.0,0.867,0.067,3.0,0.8,1.0,2.8,2.545,2.818,0.091,0.273,5.8,0.0
20,02/11/2019,12,Levante,Barcelona,3-1,3,1,0,L,1,Hernández Hernández,1,6,0,0,"[""60'"", ""63'"", ""68'""]","['Campaña ', 'Mayoral ', 'Radoja ']","[""38'""]",['Messi '],14,23,11,1,7.0,13.0,0.533,0.467,1.0,1.4,0.6,1.0,2.455,2.273,0.0,0.182,7.0,0.0
20,02/11/2019,12,Espanyol,Valencia,1-2,1,2,1,V,1,Pizarro Gómez,0,1,0,0,"[""30'""]",['Marc Roca '],"[""69'"", ""80'""]","['Parejo ', 'Maxi Gómez ']",8,14,19,12,3.0,8.0,0.0,0.267,0.2,1.0,2.2,2.0,2.364,2.545,0.091,0.182,5.0,0.0
20,10/11/2019,13,Mallorca,Villarreal,3-1,3,1,2,L,1,Del Cerro Grande,2,3,0,0,"[""12'"", ""23'"", ""52'""]","['Lago Junior ', 'Dani Rodríguez ', 'Kubo ']","[""48'""]",['Cazorla '],11,18,17,8,7.0,7.0,0.556,0.333,0.833,1.333,0.667,1.333,2.333,1.833,0.0,0.0,4.667,0.0
20,10/11/2019,13,Getafe,Osasuna,0-0,0,0,0,E,0,Soto Grado,2,4,0,0,[],[],[],[],19,18,7,9,12.0,10.0,0.611,0.333,1.833,0.833,1.167,1.167,3.583,2.917,0.083,0.0,4.833,0.0
20,10/11/2019,13,Betis,Sevilla,1-2,1,2,0,V,0,Hernández Hernández,2,3,0,0,"[""45'""]",['Loren '],"[""13'"", ""55'""]","['Ocampos ', 'De Jong ']",13,21,15,5,5.0,8.0,0.611,0.556,1.667,1.167,1.167,1.333,2.917,2.833,0.25,0.0,7.0,0.0
20,10/11/2019,13,AtléticodeMadrid,Espanyol,3-1,3,1,0,L,0,Gil Manzano,2,2,0,0,"[""45+1'"", ""58'"", ""90+1'""]","['Correa ', 'Morata ', 'Koke ']","[""38'""]",['Darder '],21,8,4,19,7.0,3.0,0.667,0.444,1.167,0.667,0.5,1.167,2.833,2.167,0.0,0.083,6.333,0.0
20,10/11/2019,13,AthleticClub,Levante,2-1,2,1,0,L,0,Alberola Rojas,3,2,0,0,"[""57'"", ""87'""]","['Muniain ', 'Capa ']","[""45+1'""]",['Postigo '],17,17,13,12,5.0,9.0,0.722,0.333,1.5,1.167,0.333,1.667,1.667,2.333,0.0,0.0,2.833,0.167
20,09/11/2019,13,Valencia,Granada,2-0,2,0,0,L,0,Estrada Fernández,0,5,0,0,"[""74'"", ""90+7'""]","['Wass ', 'Ferran Torres ']",[],[],17,20,10,6,8.0,6.0,0.556,0.444,1.667,2.167,1.167,2.0,2.417,2.5,0.167,0.0,6.667,0.167
20,09/11/2019,13,Eibar,RealMadrid,0-4,0,4,0,V,2,Cordero Vega,0,0,0,0,[],[],"[""16'"", ""19'"", ""28'"", ""61'""]","['Benzema ', 'Sergio Ramos ', 'Benzema ', 'Fede Valverde ']",15,23,14,2,7.0,8.0,0.5,0.5,1.333,1.0,2.0,0.667,2.917,2.5,0.0,0.083,4.167,0.167
20,09/11/2019,13,Barcelona,CeltadeVigo,4-1,4,1,1,L,0,Cuadra Fernández,4,1,0,0,"[""22'"", ""45+1'"", ""48'"", ""84'""]","['Messi ', 'Messi ', 'Messi ', 'Busquets ']","[""41'""]",['Olaza '],23,9,1,18,10.0,3.0,0.889,0.111,3.5,0.5,1.0,1.833,2.583,2.583,0.167,0.167,4.5,0.333
20,09/11/2019,13,Alavés,Valladolid,3-0,3,0,1,L,0,Melero López,3,3,0,0,"[""25'"", ""31'"", ""75'""]","['Joselu ', 'Pina ', 'Lucas Pérez ']",[],[],12,17,16,11,4.0,8.0,0.611,0.444,1.0,1.0,0.333,1.167,3.0,2.667,0.0,0.0,6.0,0.0
20,08/11/2019,13,RealSociedad,Leganés,1-1,1,1,0,E,0,Martínez Munuera,2,6,0,0,"[""63'""]",['Merino '],"[""77'""]",['Nesyri '],22,5,3,20,9.0,3.0,0.556,0.111,1.833,0.5,1.0,2.0,2.083,3.167,0.0,0.083,4.333,0.0
20,24/11/2019,14,Villarreal,CeltadeVigo,1-3,1,3,0,V,0,Munuera Montero,3,2,0,0,"[""58'""]",['Chukwueze '],"[""53'"", ""79'"", ""90+4'""]","['Pione Sisto ', 'Iago Aspas ', 'Iago Aspas ']",18,9,11,18,7.0,0.0,0.667,0.111,2.833,0.5,1.333,1.833,1.923,2.462,0.0,0.154,4.333,0.0
20,24/11/2019,14,Osasuna,AthleticClub,1-2,1,2,0,V,0,Sánchez Martínez,4,3,0,0,"[""75'""]",['Chimy '],"[""20'"", ""78'""]","['Williams ', 'Kodro ']",19,20,10,6,8.0,8.0,0.667,0.222,1.833,0.333,1.0,0.833,3.0,1.769,0.0,0.0,5.833,0.0
20,24/11/2019,14,Espanyol,Getafe,1-1,1,1,0,E,0,González Fuertes,3,4,0,0,"[""44'""]",['Lei '],"[""3'""]",['Mata '],8,20,19,8,3.0,10.0,0.0,0.444,0.333,1.167,2.167,1.333,2.154,3.462,0.077,0.077,6.0,0.0
20,24/11/2019,14,Eibar,Alavés,0-2,0,2,0,V,0,Mateu Lahoz,1,2,0,0,[],[],"[""84'"", ""90+1'""]","['Joselu ', 'Joselu ']",15,15,14,15,6.0,7.0,0.5,0.056,1.333,0.833,2.0,2.667,2.692,3.0,0.0,0.0,5.333,0.333
20,24/11/2019,14,Valladolid,Sevilla,0-1,0,1,0,V,1,Prieto Iglesias,3,4,0,0,[],[],"[""13'""]",['Banega '],17,24,12,4,7.0,11.0,0.5,0.556,1.167,1.167,0.5,1.333,2.692,2.846,0.0,0.0,4.167,0.333
20,23/11/2019,14,Leganés,Barcelona,1-2,1,2,0,V,0,Jaime Latre,1,2,0,0,"[""11'""]",['Nesyri '],"[""52'"", ""80'""]","['Luis Suárez ', 'Vidal ']",6,26,20,1,4.0,10.0,0.222,0.389,0.5,1.333,1.333,1.333,3.385,2.692,0.077,0.154,5.5,0.333
20,23/11/2019,14,Granada,AtléticodeMadrid,1-1,1,1,0,E,0,Medié Jiménez,4,3,0,0,"[""67'""]",['Germán '],"[""60'""]",['Lodi '],20,24,7,3,6.0,9.0,0.667,0.5,1.0,0.833,0.5,0.667,2.692,2.769,0.0,0.0,5.5,0.0
20,23/11/2019,14,Betis,Valencia,2-1,2,1,0,L,0,De Burgos Bengoetxea,2,2,0,0,"[""36'"", ""90+3'""]","['Joaquín ', 'Canales ']","[""32'""]",['Maxi Gómez '],13,20,17,9,4.0,8.0,0.611,0.389,1.667,1.167,1.167,1.833,2.846,2.231,0.231,0.154,5.75,0.0
20,22/11/2019,14,Levante,Mallorca,2-1,2,1,0,L,0,Pizarro Gómez,2,1,0,0,"[""51'"", ""72'""]","['Roger ', 'Rochina ']","[""65'""]",['Dani Rodríguez '],17,14,13,16,6.0,7.0,0.611,0.0,1.333,0.5,0.667,2.333,2.308,2.308,0.0,0.0,4.333,0.0
20,23/11/2019,14,RealMadrid,RealSociedad,3-1,3,1,0,L,0,Gil Manzano,1,1,0,0,"[""36'"", ""47'"", ""73'""]","['Benzema ', 'Fede Valverde ', 'Modrić ']","[""2'""]",['Willian José '],26,23,2,5,8.0,10.0,0.778,0.556,2.5,1.333,0.833,1.167,2.308,2.077,0.077,0.0,6.0,0.0
20,01/12/2019,15,Sevilla,Leganés,1-0,1,0,0,L,0,De Burgos Bengoetxea,3,4,0,0,"[""64'""]",['Diego Carlos '],[],[],27,6,3,20,11.0,4.0,0.667,0.095,1.286,0.429,0.714,1.857,2.929,3.214,0.0,0.071,5.4,0.0
20,01/12/2019,15,Getafe,Levante,4-0,4,0,1,L,0,Estrada Fernández,2,3,0,0,"[""53'"", ""59'"", ""66'"", ""77'""]","['Cabrera ', 'Jorge Molina ', 'ngel ', 'Timor ']",[],[],21,20,8,9,8.0,9.0,0.571,0.286,1.571,1.143,1.0,1.714,3.5,2.286,0.071,0.0,6.429,0.143
20,01/12/2019,15,Espanyol,Osasuna,2-4,2,4,1,V,1,Melero López,1,4,0,0,"[""20'"", ""90+3'""]","['Marc Roca ', 'Calleri ']","[""46'"", ""48'"", ""83'"", ""90+2'""]","['Rubén García ', 'Chimy ', 'Moncayola ', 'Roberto Torres ']",9,19,19,11,4.0,8.0,0.048,0.333,0.429,0.714,2.0,1.0,2.214,3.071,0.071,0.0,6.0,0.0
20,01/12/2019,15,AtléticodeMadrid,Barcelona,0-1,0,1,0,V,0,Mateu Lahoz,4,4,0,0,[],[],"[""86'""]",['Messi '],25,29,4,1,9.0,10.0,0.714,0.476,1.429,1.429,0.571,1.286,2.786,2.643,0.0,0.143,5.0,0.286
20,01/12/2019,15,AthleticClub,Granada,2-0,2,0,1,L,0,Cordero Vega,5,4,0,0,"[""41'"", ""83'""]","['Raúl García ', 'Yuri ']",[],[],23,21,6,7,10.0,4.0,0.762,0.381,1.571,1.857,0.429,2.0,1.857,2.786,0.0,0.0,3.571,0.143
20,30/11/2019,15,Valencia,Villarreal,2-1,2,1,0,L,0,Soto Grado,1,2,0,0,"[""48'"", ""70'""]","['Rodrigo ', 'Ferran Torres ']","[""53'""]",['Anguissa '],20,18,10,13,7.0,4.0,0.619,0.286,1.714,1.286,1.0,1.571,2.214,2.0,0.143,0.0,5.0,0.0
20,30/11/2019,15,RealSociedad,Eibar,4-1,4,1,0,L,0,Del Cerro Grande,1,4,0,0,"[""25'"", ""47'"", ""57'"", ""80'""]","['Le Normand ', 'Oyarzabal ', 'Willian José ', 'degaard ']","[""35'""]",['Diop '],23,15,5,16,7.0,6.0,0.619,0.286,2.143,0.857,1.0,1.286,2.0,2.571,0.0,0.0,4.714,0.0
20,30/11/2019,15,Mallorca,Betis,1-2,1,2,1,V,1,Martínez Munuera,3,4,0,0,"[""55'""]",['Lago Junior '],"[""7'"", ""33'""]","['Joaquín ', 'Fekir ']",14,16,17,15,4.0,7.0,0.524,0.238,1.0,0.857,0.857,2.143,2.214,2.786,0.0,0.214,4.857,0.0
20,30/11/2019,15,Alavés,RealMadrid,1-2,1,2,1,V,0,Cuadra Fernández,4,3,0,0,"[""65'""]",['Lucas Pérez '],"[""52'"", ""69'""]","['Sergio Ramos ', 'Carvajal ']",18,29,12,2,7.0,11.0,0.667,0.571,1.286,1.429,0.286,0.571,2.929,2.214,0.0,0.071,4.571,0.286
20,29/11/2019,15,CeltadeVigo,Valladolid,0-0,0,0,0,E,0,Alberola Rojas,1,3,0,0,[],[],[],[],12,17,18,14,3.0,6.0,0.333,0.381,0.571,1.0,1.143,1.714,2.429,2.714,0.143,0.0,3.143,0.143
20,08/12/2019,16,Osasuna,Sevilla,1-1,1,1,0,E,0,Estrada Fernández,4,4,0,0,"[""45+2'""]",['Chimy '],"[""10'""]",['Munir '],22,30,9,3,8.0,11.0,0.571,0.619,1.714,1.286,1.143,1.286,3.133,2.933,0.0,0.0,6.25,0.125
20,08/12/2019,16,Leganés,CeltadeVigo,3-2,3,2,0,L,0,Sánchez Martínez,3,5,0,0,"[""14'"", ""39'"", ""54'""]","['scar Rodríguez ', 'scar Rodríguez ', 'Kévin Rodrigues ']","[""63'"", ""80'""]","['Araujo ', 'Iago Aspas ']",6,13,20,18,1.0,4.0,0.19,0.238,0.571,0.857,1.429,1.714,3.267,2.333,0.067,0.133,6.0,0.0
20,08/12/2019,16,Eibar,Getafe,0-1,0,1,0,V,0,Prieto Iglesias,5,1,1,0,[],[],"[""66'""]",['ngel '],15,24,16,7,6.0,11.0,0.429,0.429,1.143,1.143,2.0,1.286,2.667,3.4,0.0,0.067,4.571,0.286
20,08/12/2019,16,Betis,AthleticClub,3-2,3,2,0,L,1,Pizarro Gómez,2,4,0,0,"[""2'"", ""11'"", ""20'""]","['Joaquín ', 'Joaquín ', 'Joaquín ']","[""44'"", ""75'""]","['Williams ', 'Yuri ']",19,26,12,5,10.0,13.0,0.524,0.333,1.571,0.571,1.286,0.857,2.867,2.067,0.2,0.0,4.143,0.0
20,08/12/2019,16,Valladolid,RealSociedad,0-0,0,0,0,E,0,González Fuertes,0,4,0,0,[],[],[],[],18,26,15,4,4.0,7.0,0.476,0.619,1.0,1.429,0.429,1.143,2.733,1.933,0.0,0.0,6.143,0.0
20,07/12/2019,16,Levante,Valencia,2-4,2,4,1,V,0,Medié Jiménez,5,2,0,0,"[""10'"", ""19'""]","['Roger ', 'Roger ']","[""45+3'"", ""56'"", ""58'"", ""87'""]","['Propia Puerta', 'Gameiro ', 'Gameiro ', 'Ferran Torres ']",20,23,11,8,9.0,10.0,0.667,0.333,1.429,1.143,0.714,1.857,2.333,2.133,0.0,0.133,5.714,0.0
20,07/12/2019,16,Granada,Alavés,3-0,3,0,1,L,0,Gil Manzano,1,4,0,1,"[""47'"", ""58'"", ""77'""]","['Carlos Fernández ', 'Soldado ', 'Herrera ']",[],[],21,18,10,13,1.0,7.0,0.619,0.19,1.0,1.0,0.571,2.286,2.867,3.0,0.0,0.0,5.5,0.0
20,07/12/2019,16,Barcelona,Mallorca,5-2,5,2,0,L,0,Munuera Montero,3,0,0,0,"[""6'"", ""16'"", ""40'"", ""42'"", ""83'""]","['Griezmann ', 'Messi ', 'Messi ', 'Luis Suárez ', 'Messi ']","[""35'"", ""63'""]","['Budimir ', 'Budimir ']",32,14,1,17,12.0,4.0,0.905,0.0,3.571,0.714,1.0,2.714,2.733,2.267,0.133,0.0,4.429,0.0
20,06/12/2019,16,Villarreal,AtléticodeMadrid,0-0,0,0,0,E,0,Hernández Hernández,2,1,0,0,[],[],[],[],18,25,14,6,1.0,6.0,0.571,0.476,2.571,0.857,1.571,0.714,2.0,2.867,0.0,0.0,6.75,0.0
20,07/12/2019,16,RealMadrid,Espanyol,2-0,2,0,0,L,0,Jaime Latre,4,3,0,0,"[""38'"", ""79'""]","['Varane ', 'Benzema ']",[],[],32,9,2,19,13.0,1.0,0.81,0.381,2.571,0.714,0.857,1.429,2.267,2.133,0.067,0.067,5.143,0.286
20,15/12/2019,17,Sevilla,Villarreal,1-2,1,2,0,V,0,Cordero Vega,2,0,0,0,"[""61'""]",['Munir '],"[""13'"", ""74'""]","['Albiol ', 'Ekambi ']",31,19,3,13,11.0,2.0,0.583,0.25,1.25,1.25,0.875,1.625,3.0,2.0,0.0,0.0,4.25,0.125
20,15/12/2019,17,Getafe,Valladolid,2-0,2,0,0,L,0,Mateu Lahoz,3,3,0,0,"[""35'"", ""81'""]","['Cucurella ', 'ngel ']",[],[],27,19,5,14,11.0,5.0,0.625,0.333,1.875,0.875,0.875,1.875,3.25,2.562,0.062,0.0,5.375,0.25
20,15/12/2019,17,Espanyol,Betis,2-2,2,2,0,E,0,Cuadra Fernández,4,1,0,0,"[""19'"", ""41'""]","['Darder ', 'Bernardo ']","[""4'"", ""67'""]","['Borja Iglesias ', 'Bartra ']",9,22,19,11,1.0,10.0,0.042,0.25,0.625,1.0,2.25,2.125,2.188,2.812,0.062,0.188,4.875,0.25
20,15/12/2019,17,CeltadeVigo,Mallorca,2-2,2,2,1,E,1,De Burgos Bengoetxea,3,5,0,0,"[""19'"", ""49'""]","['Rafinha ', 'Iago Aspas ']","[""32'"", ""83'""]","['Salva Sevilla ', 'Budimir ']",13,14,18,17,4.0,3.0,0.333,0.042,0.5,0.875,1.0,2.625,2.5,2.125,0.125,0.0,5.667,0.0
20,15/12/2019,17,Valencia,RealMadrid,1-1,1,1,0,E,0,Sánchez Martínez,1,2,0,0,"[""78'""]",['Carlos Soler '],"[""90+5'""]",['Benzema '],26,35,8,2,12.0,13.0,0.667,0.625,1.75,1.5,1.0,0.625,2.125,2.375,0.125,0.062,6.25,0.0
20,14/12/2019,17,Granada,Levante,1-2,1,2,0,V,0,Del Cerro Grande,4,3,0,0,"[""60'""]",['Machís '],"[""54'"", ""89'""]","['Rochina ', 'Bardhi ']",24,20,9,12,4.0,6.0,0.667,0.25,1.25,1.0,0.5,2.0,2.75,2.5,0.0,0.0,4.75,0.0
20,14/12/2019,17,AtléticodeMadrid,Osasuna,2-0,2,0,0,L,0,Munuera Montero,1,1,0,0,"[""67'"", ""75'""]","['Morata ', 'Saúl ']",[],[],26,23,7,10,6.0,8.0,0.625,0.417,1.25,1.125,0.625,1.125,2.75,3.188,0.0,0.0,4.25,0.0
20,14/12/2019,17,AthleticClub,Eibar,0-0,0,0,0,E,0,Melero López,3,3,0,0,[],[],[],[],26,15,6,16,10.0,3.0,0.792,0.25,1.625,0.875,0.375,1.625,2.188,2.812,0.0,0.062,5.875,0.0
20,13/12/2019,17,Alavés,Leganés,1-1,1,1,0,E,0,Soto Grado,2,3,0,0,"[""81'""]",['Joselu '],"[""43'""]",['Braithwaite '],18,9,15,20,6.0,4.0,0.583,0.125,1.25,0.5,0.5,1.75,3.062,3.25,0.062,0.062,4.75,0.0
20,14/12/2019,17,RealSociedad,Barcelona,2-2,2,2,1,E,0,Alberola Rojas,0,1,0,0,"[""12'"", ""62'""]","['Oyarzabal ', 'Isak ']","[""38'"", ""49'""]","['Griezmann ', 'Luis Suárez ']",27,35,4,1,8.0,12.0,0.583,0.542,2.125,1.375,1.125,1.125,2.062,2.75,0.0,0.125,3.25,0.125
20,22/12/2019,18,RealMadrid,AthleticClub,0-0,0,0,0,E,0,Cordero Vega,1,0,0,0,[],[],[],[],36,27,2,7,13.0,10.0,0.833,0.292,2.5,0.75,0.75,1.125,2.353,2.235,0.059,0.0,4.0,0.111
20,22/12/2019,18,Osasuna,RealSociedad,3-4,3,4,0,V,0,Medié Jiménez,5,2,1,0,"[""45+1'"", ""49'"", ""84'""]","['Aridane ', 'Chimy ', 'Chimy ']","[""15'"", ""18'"", ""28'"", ""79'""]","['Oyarzabal ', 'Portu ', 'degaard ', 'Isak ']",23,28,12,6,5.0,6.0,0.542,0.542,1.625,1.375,1.125,1.375,3.059,1.941,0.0,0.0,5.875,0.0
20,22/12/2019,18,Levante,CeltadeVigo,3-1,3,1,0,L,0,Prieto Iglesias,3,6,0,0,"[""60'"", ""71'"", ""90+1'""]","['Roger ', 'Roger ', 'Mayoral ']","[""12'""]",['Iago Aspas '],23,14,10,18,6.0,5.0,0.583,0.208,1.5,1.0,1.125,1.875,2.529,2.529,0.0,0.118,4.75,0.375
20,22/12/2019,18,Leganés,Espanyol,2-0,2,0,0,L,0,Alberola Rojas,1,6,0,0,"[""11'"", ""54'""]","['Braithwaite ', 'Nesyri ']",[],[],10,10,20,19,5.0,2.0,0.167,0.333,0.625,0.625,1.5,1.5,3.235,2.294,0.059,0.059,3.0,0.111
20,22/12/2019,18,Betis,AtléticodeMadrid,1-2,1,2,0,V,0,Estrada Fernández,4,3,0,0,"[""90+3'""]",['Bartra '],"[""58'"", ""83'""]","['Correa ', 'Morata ']",23,29,11,5,10.0,8.0,0.583,0.458,1.625,0.75,1.25,0.625,2.706,2.647,0.176,0.0,6.444,0.111
20,21/12/2019,18,Valladolid,Valencia,1-1,1,1,0,E,0,Pizarro Gómez,0,3,0,0,"[""82'""]",['Sergi Guardiola '],"[""90+4'""]",['Manu Vallejo '],19,27,14,8,2.0,10.0,0.458,0.417,1.0,1.5,0.5,1.875,2.588,2.059,0.0,0.118,4.375,0.0
20,21/12/2019,18,Mallorca,Sevilla,0-2,0,2,0,V,1,Gil Manzano,5,3,0,0,[],[],"[""20'"", ""63'""]","['Diego Carlos ', 'Banega ']",15,31,17,3,4.0,10.0,0.583,0.667,1.25,1.25,0.875,1.125,2.294,2.941,0.0,0.0,5.444,0.111
20,21/12/2019,18,Barcelona,Alavés,4-1,4,1,1,L,0,Melero López,2,4,0,0,"[""14'"", ""45'"", ""69'"", ""74'""]","['Griezmann ', 'Vidal ', 'Messi ', 'Luis Suárez ']","[""55'""]",['Pere Pons '],36,19,1,15,13.0,7.0,0.917,0.167,3.75,0.875,1.125,2.375,2.647,3.0,0.118,0.059,5.889,0.0
20,20/12/2019,18,Eibar,Granada,3-0,3,0,0,L,0,González Fuertes,3,3,0,0,"[""20'"", ""25'"", ""86'""]","['Sergi Enrich ', 'Kike García ', 'Inui ']",[],[],16,24,16,9,1.0,4.0,0.375,0.333,1.0,1.625,1.875,2.0,2.824,2.824,0.059,0.0,5.875,0.0
20,21/12/2019,18,Villarreal,Getafe,1-0,1,0,0,L,0,Jaime Latre,2,5,0,0,"[""51'""]",['Moi Gómez '],[],[],22,30,13,4,4.0,11.0,0.542,0.5,2.25,1.125,1.375,1.125,1.882,3.235,0.0,0.059,5.375,0.25
20,05/01/2020,19,Alavés,Betis,1-1,1,1,0,E,0,Mateu Lahoz,7,3,0,1,"[""14'""]",['Aleix Vidal '],"[""55'""]",['Emerson Royal '],19,23,15,12,4.0,10.0,0.556,0.259,1.222,1.0,0.556,2.0,3.056,2.778,0.056,0.167,5.444,0.222
20,05/01/2020,19,Granada,Mallorca,1-0,1,0,0,L,0,Soto Grado,5,1,0,0,"[""24'""]",['Montoro '],[],[],24,15,11,17,4.0,1.0,0.593,0.037,1.222,0.778,0.667,2.444,2.833,2.444,0.0,0.0,4.778,0.0
20,05/01/2020,19,CeltadeVigo,Osasuna,1-1,1,1,0,E,0,Cuadra Fernández,3,3,0,0,"[""75'""]",['Santi Mina '],"[""83'""]",['Chimy '],14,23,18,13,5.0,4.0,0.333,0.37,0.667,1.0,1.111,1.222,2.722,3.167,0.111,0.056,4.889,0.222
20,04/01/2020,19,Valencia,Eibar,1-0,1,0,0,L,0,Hernández Hernández,1,3,0,0,"[""27'""]",['Maxi Gómez '],[],[],28,19,8,16,8.0,4.0,0.63,0.259,1.667,0.778,1.0,1.444,2.111,2.833,0.111,0.056,6.333,0.0
20,05/01/2020,19,RealSociedad,Villarreal,1-2,1,2,0,V,1,Sánchez Martínez,5,4,0,0,"[""22'""]",['Willian José '],"[""57'"", ""73'""]","['Manu Trigueros ', 'Cazorla ']",31,25,5,10,8.0,7.0,0.519,0.333,2.0,1.333,1.222,1.556,1.944,1.889,0.0,0.0,5.889,0.0
20,04/01/2020,19,Espanyol,Barcelona,2-2,2,2,0,E,0,Del Cerro Grande,2,2,0,0,"[""22'"", ""87'""]","['David López ', 'Lei ']","[""50'"", ""58'""]","['Luis Suárez ', 'Vidal ']",10,39,20,1,2.0,13.0,0.074,0.519,0.778,1.444,2.222,1.222,2.5,2.611,0.056,0.111,5.0,0.0
20,04/01/2020,19,AtléticodeMadrid,Levante,2-1,2,1,0,L,0,De Burgos Bengoetxea,1,3,0,0,"[""13'"", ""18'""]","['Correa ', 'Felipe ']","[""16'""]",['Roger '],32,26,4,9,8.0,9.0,0.667,0.333,1.333,1.111,0.556,1.889,2.667,2.556,0.0,0.0,6.0,0.0
20,03/01/2020,19,Valladolid,Leganés,2-2,2,2,0,E,0,Martínez Munuera,3,2,0,0,"[""8'"", ""79'""]","['nal ', 'nal ']","[""3'"", ""12'""]","['Braithwaite ', 'Roque Mesa ']",20,13,14,19,3.0,7.0,0.444,0.148,1.111,0.667,0.667,1.778,2.444,3.111,0.0,0.056,5.125,0.0
20,03/01/2020,19,Sevilla,AthleticClub,1-1,1,1,0,E,0,González González,2,4,0,0,"[""60'""]",['Propia Puerta'],"[""15'""]",['Capa '],34,28,3,7,10.0,8.0,0.556,0.296,1.222,0.667,0.889,1.0,2.944,2.111,0.0,0.0,5.429,0.286
20,04/01/2020,19,Getafe,RealMadrid,0-3,0,3,0,V,0,Munuera Montero,3,2,0,0,[],[],"[""34'"", ""52'"", ""90+6'""]","['Propia Puerta', 'Varane ', 'Modrić ']",30,37,6,2,10.0,11.0,0.667,0.593,1.889,1.444,0.778,0.667,3.333,2.278,0.056,0.056,4.0,0.0
20,19/01/2020,20,Villarreal,Espanyol,1-2,1,2,1,V,0,González Fuertes,1,4,0,0,"[""63'""]",['Cazorla '],"[""5'"", ""47'""]","['David López ', 'De Tomás ']",28,11,9,20,10.0,2.0,0.593,0.296,2.111,0.556,1.222,1.556,2.0,2.474,0.0,0.053,5.889,0.0
20,19/01/2020,20,Mallorca,Valencia,4-1,4,1,0,L,0,Melero López,4,4,0,0,"[""6'"", ""23'"", ""41'"", ""79'""]","['Raíllo ', 'Budimir ', 'Budimir ', 'Dani Rodríguez ']","[""82'""]",['Ferran Torres '],15,31,17,6,1.0,11.0,0.519,0.407,1.222,1.444,1.0,1.778,2.368,2.053,0.0,0.105,5.9,0.0
20,19/01/2020,20,Betis,RealSociedad,3-0,3,0,0,L,0,Cordero Vega,3,1,0,0,"[""26'"", ""43'"", ""90'""]","['Borja Iglesias ', 'Joaquín ', 'Canales ']",[],[],24,31,12,5,8.0,8.0,0.63,0.519,1.778,1.222,1.333,1.222,2.789,2.105,0.211,0.0,3.7,0.1
20,19/01/2020,20,Barcelona,Granada,1-0,1,0,0,L,0,Pizarro Gómez,0,4,0,0,"[""75'""]",['Messi '],[],[],40,27,1,10,11.0,6.0,0.926,0.296,3.778,1.444,1.111,2.111,2.579,2.947,0.105,0.0,4.222,0.0
20,19/01/2020,20,AthleticClub,CeltadeVigo,1-1,1,1,1,E,0,Medié Jiménez,4,3,0,0,"[""76'""]",['Raúl García '],"[""56'""]",['Rafinha '],29,15,8,18,6.0,3.0,0.741,0.185,1.444,1.0,0.333,2.0,2.211,2.737,0.0,0.105,6.0,0.111
20,18/01/2020,20,RealMadrid,Sevilla,2-1,2,1,0,L,0,Martínez Munuera,3,1,0,0,"[""57'"", ""69'""]","['Casemiro ', 'Casemiro ']","[""65'""]",['De Jong '],40,35,2,3,11.0,8.0,0.778,0.63,2.222,1.222,0.667,1.111,2.263,2.895,0.053,0.0,5.111,0.0
20,18/01/2020,20,Osasuna,Valladolid,0-0,0,0,0,E,0,Alberola Rojas,2,2,0,0,[],[],[],[],24,21,13,14,5.0,4.0,0.481,0.333,1.778,0.778,1.444,1.667,3.158,2.474,0.053,0.0,3.4,0.1
20,18/01/2020,20,Levante,Alavés,0-1,0,1,0,V,0,Cuadra Fernández,2,4,0,0,[],[],"[""64'""]",['Aleix Vidal '],26,20,11,15,6.0,2.0,0.63,0.148,1.667,0.889,1.111,2.556,2.579,3.263,0.0,0.053,5.0,0.2
20,18/01/2020,20,Eibar,AtléticodeMadrid,2-0,2,0,0,L,0,Gil Manzano,1,2,0,0,"[""10'"", ""89'""]","['Burgos ', 'Edu Expósito ']",[],[],19,35,16,4,4.0,10.0,0.444,0.519,1.222,0.889,1.667,0.667,2.842,2.579,0.053,0.0,5.7,0.1
20,17/01/2020,20,Leganés,Getafe,0-3,0,3,0,V,0,Estrada Fernández,6,3,0,0,[],[],"[""12'"", ""21'"", ""33'""]","['Cabrera ', 'Nyom ', 'Mata ']",14,30,19,7,8.0,9.0,0.259,0.444,0.889,1.0,1.556,1.111,3.053,3.316,0.053,0.053,6.5,0.1
20,26/01/2020,21,RealSociedad,Mallorca,3-0,3,0,0,L,0,Jaime Latre,0,2,0,0,"[""46'"", ""58'"", ""82'""]","['Isak ', 'Propia Puerta', 'Portu ']",[],[],31,18,6,17,5.0,4.0,0.567,0.033,2.1,0.7,1.1,2.5,2.05,2.45,0.0,0.0,5.556,0.222
20,26/01/2020,21,Getafe,Betis,1-0,1,0,1,L,0,Prieto Iglesias,2,5,0,1,"[""89'""]",['ngel '],[],[],33,27,5,10,9.0,8.0,0.6,0.233,1.7,0.9,1.0,1.9,3.3,2.8,0.05,0.2,5.222,0.333
20,26/01/2020,21,CeltadeVigo,Eibar,0-0,0,0,0,E,0,González González,1,0,0,0,[],[],[],[],16,22,18,16,3.0,7.0,0.333,0.233,0.7,0.7,1.1,1.4,2.75,2.75,0.1,0.05,5.5,0.25
20,26/01/2020,21,AtléticodeMadrid,Leganés,0-0,0,0,0,E,0,Mateu Lahoz,1,6,0,0,[],[],[],[],35,14,4,19,10.0,8.0,0.7,0.167,1.4,0.6,0.6,1.6,2.55,3.2,0.0,0.05,5.9,0.3
20,26/01/2020,21,Valladolid,RealMadrid,0-1,0,1,0,V,0,De Burgos Bengoetxea,1,3,0,0,[],[],"[""78'""]",['Nacho '],22,43,15,2,4.0,11.0,0.4,0.633,1.0,1.6,0.7,0.6,2.45,2.3,0.0,0.05,5.75,0.0
20,25/01/2020,21,Sevilla,Granada,2-0,2,0,0,L,0,Hernández Hernández,4,1,0,0,"[""10'"", ""33'""]","['De Jong ', 'Nolito ']",[],[],35,27,3,11,5.0,6.0,0.6,0.267,1.3,1.3,0.8,2.0,2.8,3.0,0.0,0.0,6.1,0.0
20,25/01/2020,21,Espanyol,AthleticClub,1-1,1,1,0,E,0,Sánchez Martínez,3,1,0,0,"[""63'""]",['De Tomás '],"[""11'""]",['Villalibre '],14,30,20,8,5.0,4.0,0.1,0.3,0.9,0.7,2.2,1.0,2.55,2.3,0.05,0.0,6.2,0.0
20,25/01/2020,21,Alavés,Villarreal,1-2,1,2,0,V,0,Munuera Montero,2,1,0,0,"[""81'""]",['Joselu '],"[""10'"", ""89'""]","['Bacca ', 'Fer Niño ']",23,28,14,9,5.0,10.0,0.533,0.4,1.2,1.4,0.6,1.5,3.3,1.95,0.05,0.0,4.1,0.0
20,24/01/2020,21,Osasuna,Levante,2-0,2,0,1,L,0,Soto Grado,3,3,0,0,"[""81'"", ""84'""]","['Rubén García ', 'Iñigo Pérez ']",[],[],25,26,13,12,3.0,6.0,0.467,0.3,1.6,1.1,1.3,1.9,3.1,2.55,0.05,0.0,4.9,0.0
20,25/01/2020,21,Valencia,Barcelona,2-0,2,0,0,L,0,Gil Manzano,1,3,0,0,"[""47'"", ""76'""]","['Propia Puerta', 'Maxi Gómez ']",[],[],31,43,7,1,8.0,11.0,0.667,0.5,1.6,1.5,0.9,1.3,2.15,2.45,0.1,0.1,5.455,0.091
20,02/02/2020,22,Sevilla,Alavés,1-1,1,1,1,E,0,Del Cerro Grande,2,1,0,0,"[""77'""]",['Ocampos '],"[""70'""]",['Joselu '],38,23,3,14,7.0,5.0,0.6,0.233,1.3,0.9,0.8,2.3,2.857,3.238,0.0,0.048,4.9,0.0
20,02/02/2020,22,Leganés,RealSociedad,2-1,2,1,0,L,0,Melero López,4,3,0,0,"[""49'"", ""90+4'""]","['Omeruo ', 'scar Rodríguez ']","[""20'""]",['Isak '],15,34,19,6,6.0,7.0,0.333,0.567,1.0,1.5,1.4,1.4,3.333,1.952,0.048,0.0,6.091,0.0
20,02/02/2020,22,Eibar,Betis,1-1,1,1,1,E,0,Martínez Munuera,2,2,0,0,"[""15'""]",['Orellana '],"[""7'""]",['Fekir '],23,27,15,12,8.0,5.0,0.5,0.233,1.3,0.9,1.5,1.9,2.619,2.905,0.048,0.238,5.0,0.0
20,02/02/2020,22,Barcelona,Levante,2-1,2,1,0,L,0,Cordero Vega,2,0,0,0,"[""30'"", ""31'""]","['Ansu Fati ', 'Ansu Fati ']","[""90+2'""]",['Rúben Vezo '],43,26,2,13,8.0,6.0,0.933,0.3,3.5,1.1,1.0,1.9,2.476,2.571,0.095,0.0,3.727,0.091
20,02/02/2020,22,Villarreal,Osasuna,3-1,3,1,1,L,0,Pizarro Gómez,3,2,0,0,"[""45+1'"", ""54'"", ""59'""]","['Alcácer ', 'Rubén Peña ', 'Cazorla ']","[""48'""]",['Aridane '],31,28,9,10,12.0,5.0,0.533,0.367,2.0,1.0,1.3,1.2,1.905,3.095,0.0,0.048,4.2,0.0
20,01/02/2020,22,Valencia,CeltadeVigo,1-0,1,0,0,L,0,González Fuertes,6,3,0,0,"[""76'""]",['Carlos Soler '],[],[],34,17,7,18,8.0,4.0,0.667,0.2,1.6,1.0,0.9,1.9,2.095,2.667,0.095,0.095,5.8,0.0
20,01/02/2020,22,RealMadrid,AtléticodeMadrid,1-0,1,0,0,L,0,Estrada Fernández,2,2,0,0,"[""56'""]",['Benzema '],[],[],46,36,1,4,11.0,10.0,0.8,0.467,2.2,0.8,0.7,0.8,2.333,2.476,0.048,0.0,6.727,0.091
20,01/02/2020,22,Mallorca,Valladolid,0-1,0,1,0,V,0,Medié Jiménez,4,1,0,0,[],[],"[""56'""]",['nal '],18,22,17,16,4.0,3.0,0.467,0.3,1.1,0.7,1.1,1.7,2.429,2.381,0.0,0.0,6.1,0.1
20,01/02/2020,22,Granada,Espanyol,2-1,2,1,0,L,1,Cuadra Fernández,3,3,0,0,"[""37'"", ""46'""]","['Machís ', 'Carlos Fernández ']","[""26'""]",['De Tomás '],27,15,11,20,3.0,6.0,0.633,0.367,1.2,0.7,0.6,1.5,2.905,2.571,0.0,0.048,5.091,0.182
20,02/02/2020,22,AthleticClub,Getafe,0-2,0,2,0,V,1,Alberola Rojas,2,5,0,0,[],[],"[""36'"", ""50'""]","['Damián Suárez ', 'Mata ']",31,36,8,5,5.0,9.0,0.7,0.5,1.4,1.2,0.4,1.0,2.238,3.238,0.0,0.048,3.455,0.091
20,09/02/2020,23,RealSociedad,AthleticClub,2-1,2,1,0,L,0,Munuera Montero,2,2,0,1,"[""66'"", ""84'""]","['Portu ', 'Isak ']","[""71'""]",['Williams '],34,31,7,9,6.0,4.0,0.606,0.303,2.091,0.727,1.091,1.0,2.0,2.227,0.0,0.0,4.0,0.0
20,09/02/2020,23,Osasuna,RealMadrid,1-4,1,4,0,V,0,Gil Manzano,2,2,0,0,"[""13'""]",['Unai García '],"[""32'"", ""37'"", ""84'"", ""90+2'""]","['Isco ', 'Sergio Ramos ', 'Lucas Vázquez ', 'Jović ']",28,49,11,1,5.0,13.0,0.515,0.667,1.636,1.545,1.182,0.545,3.045,2.318,0.045,0.045,5.333,0.083
20,09/02/2020,23,Espanyol,Mallorca,1-0,1,0,0,L,0,Mateu Lahoz,6,2,0,0,"[""57'""]",['De Tomás '],[],[],15,18,20,17,5.0,3.0,0.121,0.03,0.909,0.636,2.091,2.364,2.591,2.5,0.045,0.0,6.0,0.273
20,09/02/2020,23,CeltadeVigo,Sevilla,2-1,2,1,0,L,0,Jaime Latre,3,2,0,0,"[""77'"", ""90+1'""]","['Iago Aspas ', 'Pione Sisto ']","[""22'""]",['Nesyri '],17,39,19,3,3.0,8.0,0.333,0.606,0.636,1.273,1.0,1.091,2.682,2.818,0.091,0.0,5.2,0.2
20,09/02/2020,23,Betis,Barcelona,2-3,2,3,1,V,0,Sánchez Martínez,5,5,0,0,"[""6'"", ""26'""]","['Canales ', 'Fekir ']","[""9'"", ""45+3'"", ""72'""]","['De Jong ', 'Busquets ', 'Lenglet ']",28,46,12,2,5.0,10.0,0.606,0.455,1.818,1.364,1.273,1.364,2.864,2.455,0.227,0.091,6.0,0.0
20,08/02/2020,23,Valladolid,Villarreal,1-1,1,1,0,E,0,Hernández Hernández,3,3,0,0,"[""15'""]",['Alcaraz '],"[""54'""]",['Gerard Moreno '],25,34,14,8,6.0,12.0,0.394,0.455,1.0,1.455,0.727,1.455,2.318,1.955,0.0,0.0,6.0,0.0
20,08/02/2020,23,Getafe,Valencia,3-0,3,0,0,L,0,De Burgos Bengoetxea,4,4,0,1,"[""58'"", ""67'"", ""87'""]","['Jorge Molina ', 'Jorge Molina ', 'Mata ']",[],[],39,37,4,5,9.0,10.0,0.636,0.333,1.636,1.273,0.909,2.091,3.318,2.273,0.045,0.091,5.556,0.0
20,08/02/2020,23,AtléticodeMadrid,Granada,1-0,1,0,0,L,0,Soto Grado,4,6,0,0,"[""6'""]",['Correa '],[],[],36,30,6,10,7.0,6.0,0.667,0.242,1.273,1.182,0.545,2.0,2.455,2.909,0.0,0.0,5.0,0.0
20,07/02/2020,23,Alavés,Eibar,2-1,2,1,0,L,0,Prieto Iglesias,3,2,0,0,"[""46'"", ""66'""]","['Lucas Pérez ', 'Burke ']","[""83'""]",['Orellana '],24,24,15,16,5.0,8.0,0.485,0.242,1.182,0.636,0.727,1.273,3.136,2.591,0.045,0.045,5.4,0.4
20,08/02/2020,23,Levante,Leganés,2-0,2,0,0,L,0,González González,2,3,0,0,"[""20'"", ""28'""]","['Rochina ', 'Roger ']",[],[],26,18,13,18,3.0,8.0,0.606,0.152,1.545,0.545,1.0,1.636,2.455,3.364,0.0,0.045,5.0,0.222
20,16/02/2020,24,Leganés,Betis,0-0,0,0,0,E,0,Estrada Fernández,5,3,0,1,[],[],[],[],18,28,19,13,5.0,5.0,0.303,0.242,0.909,0.909,1.545,1.818,3.348,2.957,0.043,0.217,6.5,0.083
20,10/03/2020,24,Eibar,RealSociedad,1-2,1,2,1,V,1,Medié Jiménez,3,2,0,0,"[""90'""]",['Charles '],"[""16'"", ""75'""]","['Oyarzabal ', 'Willian José ']",24,37,16,7,5.0,6.0,0.485,0.515,1.273,1.364,1.455,1.545,2.565,2.0,0.043,0.0,6.0,0.091
20,16/02/2020,24,Sevilla,Espanyol,2-2,2,2,0,E,0,Cordero Vega,2,4,0,0,"[""15'"", ""79'""]","['Ocampos ', 'Suso ']","[""35'"", ""50'""]","['Embarba ', 'Lei ']",39,18,4,20,5.0,8.0,0.576,0.333,1.273,0.727,0.818,1.545,2.783,2.739,0.0,0.043,3.583,0.083
20,16/02/2020,24,RealMadrid,CeltadeVigo,2-2,2,2,1,E,0,Alberola Rojas,2,2,0,0,"[""52'"", ""65'""]","['Kroos ', 'Sergio Ramos ']","[""7'"", ""85'""]","['Smolov ', 'Santi Mina ']",52,20,1,17,15.0,6.0,0.818,0.182,2.091,0.909,0.636,1.818,2.304,2.696,0.043,0.087,3.75,0.083
20,16/02/2020,24,AthleticClub,Osasuna,0-1,0,1,0,V,0,González Fuertes,4,4,0,0,[],[],"[""29'""]",['Oier '],31,28,9,12,3.0,5.0,0.636,0.333,1.273,1.0,0.545,1.364,2.217,3.0,0.043,0.043,6.091,0.0
20,15/02/2020,24,Villarreal,Levante,2-1,2,1,0,L,0,Melero López,3,1,0,0,"[""8'"", ""60'""]","['Gerard Moreno ', 'Moi Gómez ']","[""55'""]",['Mayoral '],35,29,8,11,10.0,3.0,0.576,0.273,2.091,1.0,1.273,1.909,2.0,2.435,0.0,0.0,6.167,0.0
20,15/02/2020,24,Mallorca,Alavés,1-0,1,0,0,L,0,Pizarro Gómez,0,2,0,0,"[""62'""]",['Cucho Hernández '],[],[],18,27,18,14,3.0,8.0,0.515,0.242,1.364,0.909,1.091,2.182,2.478,3.13,0.0,0.043,4.273,0.0
20,15/02/2020,24,Granada,Valladolid,2-1,2,1,0,L,0,Martínez Munuera,2,2,0,0,"[""80'"", ""96'""]","['Puertas ', 'Carlos Fernández ']","[""55'""]",['Sergi Guardiola '],30,26,10,15,6.0,6.0,0.667,0.303,1.273,0.636,0.636,1.545,3.043,2.348,0.0,0.0,4.909,0.0
20,15/02/2020,24,Barcelona,Getafe,2-1,2,1,0,L,0,Cuadra Fernández,3,2,0,0,"[""33'"", ""39'""]","['Griezmann ', 'Sergi Roberto ']","[""67'""]",['ngel '],49,42,2,3,10.0,12.0,0.939,0.545,3.364,1.273,1.0,0.909,2.565,3.348,0.087,0.043,5.167,0.167
20,14/02/2020,24,Valencia,AtléticodeMadrid,2-2,2,2,0,E,0,Medié Jiménez,3,2,0,0,"[""39'"", ""58'""]","['Gabriel Paulista ', 'Kondogbia ']","[""14'"", ""43'""]","['Marcos Llorente ', 'Thomas ']",37,39,6,5,9.0,7.0,0.697,0.424,1.636,0.727,0.818,0.818,2.348,2.522,0.13,0.0,5.917,0.083
20,23/02/2020,25,Valladolid,Espanyol,2-1,2,1,0,L,1,Prieto Iglesias,1,5,0,0,"[""72'"", ""83'""]","['Sandro ', 'Sergi Guardiola ']","[""90+3'""]",['Embarba '],26,19,15,20,5.0,8.0,0.444,0.333,1.083,0.833,0.75,1.583,2.333,2.792,0.0,0.042,5.364,0.364
20,23/02/2020,25,Osasuna,Granada,0-3,0,3,0,V,0,Sánchez Martínez,3,1,0,0,[],[],"[""3'"", ""28'"", ""40'""]","['Machís ', 'Machís ', 'Foulquier ']",31,33,11,9,7.0,6.0,0.472,0.222,1.583,1.083,1.417,1.917,3.042,3.0,0.042,0.0,6.333,0.0
20,23/02/2020,25,Getafe,Sevilla,0-3,0,3,0,V,0,Estrada Fernández,7,4,0,0,[],[],"[""43'"", ""67'"", ""75'""]","['Ocampos ', 'Fernando ', 'Koundé ']",42,40,3,4,12.0,5.0,0.667,0.556,1.75,1.25,0.833,1.167,3.292,2.75,0.042,0.0,6.615,0.154
20,23/02/2020,25,AtléticodeMadrid,Villarreal,3-1,3,1,0,L,0,De Burgos Bengoetxea,1,2,0,0,"[""40'"", ""64'"", ""73'""]","['Correa ', 'Koke ', 'João Félix ']","[""16'""]",['Alcácer '],40,38,5,8,5.0,10.0,0.694,0.444,1.25,1.417,0.5,1.417,2.5,2.042,0.0,0.0,5.8,0.1
20,23/02/2020,25,Alavés,AthleticClub,2-1,2,1,1,L,0,Mateu Lahoz,4,4,0,0,"[""28'"", ""90+1'""]","['Lucas Pérez ', 'Rodrigo Ely ']","[""16'""]",['Raúl García '],27,31,14,10,7.0,2.0,0.528,0.278,1.25,0.75,0.75,1.083,3.083,2.292,0.042,0.042,6.167,0.25
20,22/02/2020,25,Levante,RealMadrid,1-0,1,0,0,L,0,Hernández Hernández,1,2,0,0,"[""78'""]",['Morales '],[],[],29,53,13,1,3.0,13.0,0.639,0.694,1.5,1.75,0.917,0.583,2.375,2.292,0.0,0.042,6.0,0.0
20,22/02/2020,25,CeltadeVigo,Leganés,1-0,1,0,0,L,0,Munuera Montero,2,3,1,0,"[""62'""]",['Iago Aspas '],[],[],21,19,17,19,6.0,5.0,0.389,0.139,0.75,0.5,1.0,1.583,2.667,3.417,0.083,0.042,4.0,0.083
20,22/02/2020,25,Barcelona,Eibar,5-0,5,0,0,L,0,Soto Grado,0,2,0,0,"[""13'"", ""36'"", ""39'"", ""86'"", ""88'""]","['Messi ', 'Messi ', 'Messi ', 'Messi ', 'Arthur ']",[],[],52,24,2,16,12.0,5.0,0.944,0.222,3.25,0.667,1.0,1.333,2.583,2.583,0.083,0.042,5.417,0.0
20,21/02/2020,25,Betis,Mallorca,3-3,3,3,2,E,0,Gil Manzano,2,1,0,0,"[""19'"", ""35'"", ""47'""]","['Canales ', 'Fekir ', 'Joaquín ']","[""16'"", ""27'"", ""70'""]","['Cucho Hernández ', 'Budimir ', 'Kubo ']",29,21,12,18,5.0,6.0,0.556,0.056,1.833,0.833,1.417,2.417,2.958,2.375,0.25,0.0,5.231,0.077
20,22/02/2020,25,RealSociedad,Valencia,3-0,3,0,0,L,0,González González,1,1,0,0,"[""12'"", ""45+1'"", ""47'""]","['Merino ', 'Monreal ', 'Januzaj ']",[],[],40,38,6,7,9.0,7.0,0.639,0.306,2.167,1.167,1.0,2.167,2.0,2.375,0.0,0.125,5.0,0.2
20,01/03/2020,26,Espanyol,AtléticodeMadrid,1-1,1,1,0,E,0,Alberola Rojas,3,4,0,0,"[""25'""]",['Propia Puerta'],"[""47'""]",['Saúl '],19,43,20,4,5.0,8.0,0.194,0.417,0.917,0.833,1.917,0.917,2.88,2.44,0.04,0.0,3.769,0.077
20,01/03/2020,26,Sevilla,Osasuna,3-2,3,2,0,L,1,Del Cerro Grande,2,2,0,1,"[""13'"", ""45+1'"", ""90+3'""]","['Nesyri ', 'Ocampos ', 'Nesyri ']","[""63'"", ""73'""]","['Aridane ', 'Roberto Torres ']",43,31,3,11,8.0,6.0,0.556,0.389,1.333,1.0,0.917,1.25,2.8,3.04,0.0,0.04,4.727,0.0
20,01/03/2020,26,RealMadrid,Barcelona,2-0,2,0,0,L,0,Mateu Lahoz,2,2,0,0,"[""70'"", ""90+2'""]","['Vinícius ', 'Mariano ']",[],[],53,55,2,1,10.0,12.0,0.778,0.5,2.083,1.5,0.75,1.417,2.28,2.48,0.04,0.08,6.308,0.231
20,01/03/2020,26,Mallorca,Getafe,0-1,0,1,0,V,0,Melero López,4,5,0,0,[],[],"[""68'""]",['Maksimović '],22,42,18,6,4.0,9.0,0.472,0.5,1.25,1.25,1.083,1.0,2.32,3.44,0.0,0.04,6.0,0.0
20,01/03/2020,26,AthleticClub,Villarreal,1-0,1,0,1,L,0,Medié Jiménez,6,6,0,0,"[""56'""]",['Raúl García '],[],[],31,38,12,8,1.0,10.0,0.583,0.444,1.167,1.417,0.583,1.417,2.36,2.04,0.04,0.0,5.846,0.077
20,28/02/2020,26,RealSociedad,Valladolid,1-0,1,0,0,L,0,Pizarro Gómez,1,1,0,0,"[""60'""]",['Januzaj '],[],[],43,29,5,15,12.0,7.0,0.639,0.361,2.167,0.667,1.0,1.417,1.96,2.28,0.0,0.0,4.083,0.0
20,29/02/2020,26,Leganés,Alavés,1-1,1,1,0,E,0,Martínez Munuera,3,3,0,0,"[""58'""]",['Carrillo '],"[""47'""]",['Lucas Pérez '],19,30,19,14,5.0,7.0,0.361,0.222,1.0,0.833,1.5,2.083,3.4,3.12,0.04,0.04,4.833,0.0
20,29/02/2020,26,Granada,CeltadeVigo,0-0,0,0,0,E,0,Cuadra Fernández,3,5,0,0,[],[],[],[],36,24,9,17,9.0,8.0,0.694,0.194,1.333,1.0,0.667,1.833,2.92,2.64,0.0,0.12,5.154,0.154
20,29/02/2020,26,Eibar,Levante,3-0,3,0,0,L,0,González Fuertes,3,2,0,0,"[""27'"", ""48'"", ""84'""]","['Charles ', 'Charles ', 'Orellana ']",[],[],24,32,16,10,2.0,6.0,0.444,0.25,1.25,1.0,1.5,1.917,2.56,2.32,0.04,0.0,6.25,0.0
20,29/02/2020,26,Valencia,Betis,2-1,2,1,0,L,0,Cordero Vega,2,3,0,0,"[""60'"", ""89'""]","['Gameiro ', 'Parejo ']","[""90+3'""]",['Loren '],38,30,7,13,7.0,3.0,0.722,0.25,1.583,0.833,0.75,1.667,2.32,2.92,0.12,0.24,3.769,0.077
20,08/03/2020,27,Levante,Granada,1-1,1,1,0,E,0,Prieto Iglesias,3,3,0,0,"[""10'""]",['Roger '],"[""59'""]",['Machís '],32,37,11,9,6.0,10.0,0.615,0.282,1.462,1.231,0.923,1.769,2.308,2.923,0.0,0.0,5.417,0.333
20,08/03/2020,27,Valladolid,AthleticClub,1-4,1,4,0,V,0,Munuera Montero,1,2,0,0,"[""77'""]",['Sandro '],"[""3'"", ""23'"", ""87'"", ""90+3'""]","['Unai López ', 'Raúl García ', 'Williams ', 'Córdoba ']",29,34,15,10,7.0,3.0,0.41,0.256,1.077,0.769,1.0,1.154,2.231,2.5,0.0,0.038,4.077,0.154
20,08/03/2020,27,Villarreal,Leganés,1-2,1,2,0,V,1,Soto Grado,4,3,0,0,"[""4'""]",['Gerard Moreno '],"[""47'"", ""70'""]","['scar Rodríguez ', 'scar Rodríguez ']",38,20,8,19,7.0,5.0,0.564,0.205,2.0,0.615,1.308,1.538,2.192,3.385,0.0,0.038,5.154,0.0
20,08/03/2020,27,Osasuna,Espanyol,1-0,1,0,1,L,0,De Burgos Bengoetxea,3,3,0,0,"[""50'""]",['Roberto Torres '],[],[],31,20,13,20,3.0,5.0,0.436,0.308,1.462,0.846,1.538,1.615,3.0,2.885,0.077,0.038,5.545,0.091
20,08/03/2020,27,Betis,RealMadrid,2-1,2,1,0,L,1,González González,1,1,0,0,"[""39'"", ""82'""]","['Sidnei ', 'Tello ']","[""45+3'""]",['Benzema '],30,56,14,1,3.0,10.0,0.538,0.641,1.923,1.615,1.538,0.615,2.923,2.269,0.231,0.038,4.727,0.182
20,06/03/2020,27,Alavés,Valencia,1-1,1,1,0,E,0,Gil Manzano,5,3,0,0,"[""72'""]",['dgar Méndez '],"[""33'""]",['Parejo '],31,41,12,7,8.0,7.0,0.564,0.308,1.308,1.154,0.769,2.077,3.115,2.308,0.038,0.115,5.071,0.071
20,07/03/2020,27,Eibar,Mallorca,1-2,1,2,0,V,0,Estrada Fernández,6,3,0,0,"[""90+2'""]",['Bigas '],"[""42'"", ""78'""]","['Dani Rodríguez ', 'Kubo ']",27,22,16,18,4.0,4.0,0.487,0.128,1.385,0.923,1.385,2.308,2.577,2.385,0.038,0.0,6.929,0.143
20,07/03/2020,27,Barcelona,RealSociedad,1-0,1,0,1,L,0,Martínez Munuera,4,3,0,0,"[""81'""]",['Messi '],[],[],55,46,2,4,12.0,12.0,0.949,0.513,3.385,1.385,0.923,1.538,2.462,1.923,0.077,0.0,4.923,0.0
20,07/03/2020,27,AtléticodeMadrid,Sevilla,2-2,2,2,1,E,1,Hernández Hernández,2,4,0,0,"[""31'"", ""35'""]","['Morata ', 'João Félix ']","[""18'"", ""42'""]","['De Jong ', 'Ocampos ']",44,46,6,3,8.0,8.0,0.718,0.59,1.385,1.385,0.538,1.077,2.5,2.769,0.0,0.0,5.769,0.0
20,07/03/2020,27,Getafe,CeltadeVigo,0-0,0,0,0,E,0,Sánchez Martínez,6,5,0,0,[],[],[],[],45,25,5,17,9.0,8.0,0.615,0.205,1.615,0.923,1.0,1.692,3.5,2.731,0.038,0.115,6.154,0.0
20,14/06/2020,28,RealSociedad,Osasuna,1-1,1,1,0,E,1,Cordero Vega,1,3,0,0,"[""60'""]",['Oyarzabal '],"[""29'""]",['Adrián '],46,34,4,11,12.0,6.0,0.667,0.359,2.077,1.077,0.923,1.385,1.963,3.0,0.0,0.074,3.857,0.071
20,14/06/2020,28,RealMadrid,Eibar,3-1,3,1,0,L,0,Cuadra Fernández,1,1,0,0,"[""4'"", ""30'"", ""37'""]","['Kroos ', 'Sergio Ramos ', 'Marcelo ']","[""59'""]",['Bigas '],56,27,2,16,7.0,3.0,0.795,0.205,2.077,0.615,0.692,1.615,2.222,2.704,0.037,0.037,5.357,0.143
20,14/06/2020,28,AthleticClub,AtléticodeMadrid,1-1,1,1,0,E,0,González González,3,0,0,0,"[""37'""]",['Muniain '],"[""39'""]",['Diego Costa '],37,45,10,6,6.0,9.0,0.615,0.41,1.154,0.846,0.538,0.923,2.481,2.481,0.037,0.0,4.5,0.167
20,13/06/2020,28,Mallorca,Barcelona,0-4,0,4,0,V,0,Del Cerro Grande,1,2,0,0,[],[],"[""2'"", ""37'"", ""79'"", ""90+3'""]","['Vidal ', 'Braithwaite ', 'Jordi Alba ', 'Messi ']",25,58,18,1,7.0,12.0,0.513,0.462,1.231,1.385,1.0,1.462,2.407,2.519,0.0,0.074,4.667,0.083
20,13/06/2020,28,Leganés,Valladolid,1-2,1,2,1,V,0,Melero López,2,4,0,0,"[""83'""]",['scar Rodríguez '],"[""2'"", ""53'""]","['nal ', 'Alcaraz ']",23,29,19,15,5.0,4.0,0.359,0.333,0.923,0.692,1.385,1.462,3.37,2.185,0.037,0.0,6.214,0.0
20,13/06/2020,28,CeltadeVigo,Villarreal,0-1,0,1,0,V,0,Pizarro Gómez,1,1,0,0,[],[],"[""90+1'""]",['Manu Trigueros '],26,38,17,8,9.0,4.0,0.436,0.41,0.769,1.385,0.923,1.538,2.815,2.259,0.111,0.0,3.923,0.0
20,12/06/2020,28,Valencia,Levante,1-1,1,1,0,E,1,Alberola Rojas,1,4,0,0,"[""88'""]",['Rodrigo '],"[""90+8'""]",['Melero '],42,33,7,13,5.0,7.0,0.692,0.231,1.615,1.0,0.846,1.923,2.333,2.333,0.111,0.0,4.0,0.071
20,12/06/2020,28,Granada,Getafe,2-1,2,1,0,L,0,Medié Jiménez,6,4,0,0,"[""70'"", ""78'""]","['Propia Puerta', 'Carlos Fernández ']","[""19'""]",['Timor '],38,46,9,5,8.0,7.0,0.667,0.538,1.231,1.231,0.615,0.923,2.926,3.593,0.0,0.037,6.286,0.071
20,11/06/2020,28,Sevilla,Betis,2-0,2,0,1,L,0,Mateu Lahoz,0,2,0,0,"[""55'"", ""61'""]","['Ocampos ', 'Fernando ']",[],[],47,33,3,12,8.0,5.0,0.59,0.231,1.462,0.846,1.0,1.692,2.815,2.852,0.0,0.222,6.143,0.214
20,13/06/2020,28,Espanyol,Alavés,2-0,2,0,0,L,0,González Fuertes,4,3,0,1,"[""45+3'"", ""47'""]","['Bernardo ', 'Lei ']",[],[],20,32,20,14,5.0,8.0,0.205,0.231,0.923,0.846,1.846,2.0,2.889,3.185,0.037,0.037,6.154,0.0
20,17/06/2020,29,Osasuna,AtléticodeMadrid,0-5,0,5,0,V,0,De Burgos Bengoetxea,3,3,0,0,[],[],"[""27'"", ""51'"", ""79'"", ""81'"", ""87'""]","['João Félix ', 'João Félix ', 'Marcos Llorente ', 'Morata ', 'Carrasco ']",35,46,11,6,7.0,7.0,0.476,0.405,1.429,0.857,1.429,0.929,3.0,2.393,0.071,0.0,5.583,0.083
20,18/06/2020,29,Alavés,RealSociedad,2-0,2,0,0,L,0,Jaime Latre,3,4,0,0,"[""58'"", ""90'""]","['Borja Sainz ', 'Martín ']",[],[],32,47,14,4,5.0,10.0,0.548,0.476,1.286,1.286,0.786,1.5,3.179,1.929,0.071,0.0,5.182,0.182
20,17/06/2020,29,Valladolid,CeltadeVigo,0-0,0,0,0,E,0,Gil Manzano,3,3,0,0,[],[],[],[],32,26,15,17,6.0,6.0,0.405,0.214,1.0,0.857,0.929,1.571,2.25,2.75,0.0,0.107,5.267,0.067
20,18/06/2020,29,RealMadrid,Valencia,3-0,3,0,0,L,0,Sánchez Martínez,0,2,0,1,"[""61'"", ""74'"", ""86'""]","['Benzema ', 'Asensio ', 'Benzema ']",[],[],59,43,2,7,7.0,6.0,0.81,0.286,2.143,1.071,0.714,2.143,2.179,2.286,0.036,0.107,6.5,0.0
20,17/06/2020,29,Eibar,AthleticClub,2-2,2,2,1,E,1,Prieto Iglesias,3,2,0,0,"[""19'"", ""78'""]","['Kike García ', 'Orellana ']","[""8'"", ""81'""]","['Raúl García ', 'Villalibre ']",27,38,16,10,3.0,7.0,0.452,0.31,1.357,1.0,1.429,1.143,2.643,2.5,0.036,0.036,5.462,0.308
20,16/06/2020,29,Barcelona,Leganés,2-0,2,0,1,L,0,Martínez Munuera,5,3,0,0,"[""41'"", ""68'""]","['Ansu Fati ', 'Messi ']",[],[],61,23,1,19,12.0,5.0,0.952,0.19,3.214,0.571,0.857,1.571,2.5,3.321,0.071,0.036,5.071,0.0
20,16/06/2020,29,Getafe,Espanyol,0-0,0,0,0,E,0,Munuera Montero,3,2,0,1,[],[],[],[],46,23,5,20,4.0,5.0,0.595,0.286,1.5,0.786,0.929,1.571,3.607,2.929,0.036,0.036,4.0,0.143
20,15/06/2020,29,Levante,Sevilla,1-1,1,1,0,E,0,Hernández Hernández,1,1,0,0,"[""86'""]",['Propia Puerta'],"[""46'""]",['De Jong '],34,50,12,3,5.0,11.0,0.595,0.571,1.429,1.429,0.929,1.143,2.393,2.714,0.0,0.0,5.786,0.0
20,15/06/2020,29,Betis,Granada,2-2,2,2,1,E,0,Soto Grado,2,4,0,0,"[""85'"", ""87'""]","['Canales ', 'Tello ']","[""29'"", ""90+1'""]","['Carlos Fernández ', 'Soldado ']",33,41,13,9,5.0,11.0,0.571,0.286,1.929,1.214,1.5,1.714,2.821,3.036,0.214,0.0,5.286,0.0
20,16/06/2020,29,Villarreal,Mallorca,1-0,1,0,0,L,0,Estrada Fernández,3,4,0,0,"[""15'""]",['Bacca '],[],[],41,25,8,18,6.0,7.0,0.595,0.119,1.929,0.857,1.214,2.214,2.214,2.357,0.0,0.0,7.067,0.133
20,21/06/2020,30,Valencia,Osasuna,2-0,2,0,0,L,0,Medié Jiménez,1,2,0,0,"[""12'"", ""35'""]","['Guedes ', 'Rodrigo ']",[],[],43,35,8,12,5.0,4.0,0.714,0.357,1.643,1.071,0.857,1.357,2.276,3.0,0.138,0.069,6.533,0.067
20,21/06/2020,30,RealSociedad,RealMadrid,1-2,1,2,0,V,1,Estrada Fernández,5,2,0,0,"[""83'""]",['Merino '],"[""50'"", ""70'""]","['Sergio Ramos ', 'Benzema ']",47,62,5,2,7.0,9.0,0.643,0.595,2.0,1.571,0.929,0.714,2.0,2.103,0.0,0.034,7.062,0.125
20,21/06/2020,30,CeltadeVigo,Alavés,6-0,6,0,2,L,0,Cordero Vega,1,1,0,1,"[""14'"", ""20'"", ""40'"", ""41'"", ""78'"", ""86'""]","['Murillo ', 'Iago Aspas ', 'Rafinha ', 'Rafinha ', 'Nolito ', 'Santi Mina ']",[],[],27,35,17,11,6.0,8.0,0.405,0.214,0.714,0.786,0.929,2.0,2.759,3.172,0.103,0.069,3.867,0.067
20,20/06/2020,30,Getafe,Eibar,1-1,1,1,0,E,0,Alberola Rojas,3,0,0,0,"[""29'""]",['Etebo '],"[""45+6'""]",['Charles '],47,28,6,16,5.0,4.0,0.595,0.19,1.5,0.643,0.929,1.714,3.586,2.655,0.034,0.034,4.067,0.067
20,20/06/2020,30,Espanyol,Levante,1-3,1,3,0,V,0,Del Cerro Grande,2,0,0,0,"[""28'""]",['David López '],"[""14'"", ""67'"", ""87'""]","['Mayoral ', 'Bardhi ', 'Propia Puerta']",24,35,19,13,5.0,6.0,0.262,0.214,1.0,0.929,1.714,2.0,2.897,2.345,0.069,0.0,4.538,0.077
20,20/06/2020,30,AthleticClub,Betis,1-0,1,0,0,L,0,Pizarro Gómez,4,0,0,0,"[""6'""]",['Iñigo Martínez '],[],[],39,34,10,14,8.0,5.0,0.595,0.214,1.143,0.786,0.571,1.714,2.483,2.793,0.034,0.207,3.786,0.0
20,19/06/2020,30,Sevilla,Barcelona,0-0,0,0,0,E,0,González González,3,2,0,0,[],[],[],[],51,64,3,1,11.0,12.0,0.619,0.5,1.5,1.571,0.929,1.357,2.655,2.586,0.0,0.069,4.385,0.154
20,19/06/2020,30,Mallorca,Leganés,1-1,1,1,0,E,0,Mateu Lahoz,3,7,0,0,"[""8'""]",['Salva Sevilla '],"[""86'""]",['scar Rodríguez '],25,23,18,20,4.0,4.0,0.476,0.19,1.143,0.571,1.0,1.571,2.414,3.31,0.0,0.034,5.867,0.2
20,19/06/2020,30,Granada,Villarreal,0-1,0,1,0,V,0,Cuadra Fernández,0,3,0,0,[],[],"[""10'""]",['Gerard Moreno '],42,44,9,7,9.0,6.0,0.69,0.381,1.286,1.286,0.643,1.5,3.069,2.241,0.0,0.0,5.133,0.133
20,20/06/2020,30,AtléticodeMadrid,Valladolid,1-0,1,0,0,L,0,González Fuertes,4,2,0,0,"[""81'""]",['Vitolo '],[],[],49,33,4,15,9.0,7.0,0.69,0.31,1.429,0.643,0.643,1.429,2.414,2.276,0.0,0.0,6.214,0.071
20,24/06/2020,31,RealMadrid,Mallorca,2-0,2,0,0,L,0,Melero López,4,2,0,0,"[""19'"", ""56'""]","['Vinícius ', 'Sergio Ramos ']",[],[],65,26,2,18,12.0,4.0,0.822,0.111,2.2,0.8,0.667,2.2,2.1,2.433,0.033,0.0,6.2,0.0
20,25/06/2020,31,Eibar,Valencia,1-0,1,0,0,L,0,Jaime Latre,4,2,0,0,"[""16'""]",['Propia Puerta'],[],[],29,46,17,8,5.0,8.0,0.444,0.267,1.4,1.0,1.467,2.067,2.567,2.233,0.033,0.133,5.333,0.167
20,25/06/2020,31,Betis,Espanyol,1-0,1,0,0,L,0,Martínez Munuera,4,4,0,0,"[""48'""]",['Bartra '],[],[],34,24,14,19,4.0,5.0,0.556,0.289,1.933,0.733,1.533,1.467,2.7,2.867,0.2,0.067,5.267,0.0
20,24/06/2020,31,RealSociedad,CeltadeVigo,0-1,0,1,0,V,1,Prieto Iglesias,4,2,0,0,[],[],"[""44'""]",['Iago Aspas '],47,30,6,16,4.0,6.0,0.6,0.222,1.933,0.8,1.0,1.467,2.1,2.7,0.0,0.1,5.429,0.286
20,24/06/2020,31,Alavés,Osasuna,0-1,0,1,0,V,0,Hernández Hernández,2,3,0,0,[],[],"[""64'""]",['Lato '],35,35,12,13,5.0,4.0,0.578,0.333,1.333,1.0,0.733,1.4,3.1,2.967,0.1,0.067,5.533,0.0
20,22/06/2020,31,Leganés,Granada,0-0,0,0,0,E,0,De Burgos Bengoetxea,4,4,0,0,[],[],[],[],24,42,20,9,5.0,6.0,0.333,0.289,0.933,1.267,1.4,1.733,3.433,2.967,0.033,0.0,5.615,0.077
20,23/06/2020,31,Levante,AtléticodeMadrid,0-1,0,1,0,V,0,Munuera Montero,4,2,0,0,[],[],"[""15'""]",['Propia Puerta'],38,52,11,4,6.0,9.0,0.556,0.444,1.333,1.133,0.933,0.867,2.267,2.467,0.0,0.0,4.067,0.2
20,23/06/2020,31,Barcelona,AthleticClub,1-0,1,0,0,L,0,Gil Manzano,2,1,0,0,"[""71'""]",['Rakitić '],[],[],65,42,1,10,10.0,11.0,0.956,0.311,3.133,1.067,0.8,1.2,2.567,2.533,0.067,0.033,5.312,0.062
20,22/06/2020,31,Villarreal,Sevilla,2-2,2,2,0,E,0,Sánchez Martínez,3,3,0,0,"[""18'"", ""45+3'""]","['Alcácer ', 'Pau Torres ']","[""39'"", ""63'""]","['Escudero ', 'Munir ']",47,52,7,3,9.0,9.0,0.578,0.556,1.933,1.4,1.267,1.133,2.267,2.667,0.0,0.0,6.2,0.067
20,23/06/2020,31,Valladolid,Getafe,1-1,1,1,1,E,0,Soto Grado,5,2,0,0,"[""45+5'""]",['nal '],"[""41'""]",['Mata '],33,48,15,5,4.0,6.0,0.4,0.489,1.0,1.2,0.933,1.0,2.267,3.567,0.0,0.033,5.333,0.0
20,28/06/2020,32,Granada,Eibar,1-2,1,2,0,V,0,Del Cerro Grande,1,0,0,0,"[""47'""]",['Soldado '],"[""15'"", ""68'""]","['De Blasis ', 'Kike García ']",43,32,9,17,6.0,5.0,0.644,0.2,1.2,0.667,0.667,1.667,3.0,2.613,0.0,0.032,4.357,0.071
20,29/06/2020,32,Getafe,RealSociedad,2-1,2,1,1,L,0,Cordero Vega,6,3,0,0,"[""20'"", ""82'""]","['Mata ', 'Mata ']","[""55'""]",['Januzaj '],49,47,5,7,4.0,1.0,0.578,0.444,1.4,1.2,0.867,1.533,3.516,2.161,0.032,0.0,3.75,0.125
20,28/06/2020,32,Villarreal,Valencia,2-0,2,0,0,L,0,González González,0,2,0,0,"[""13'"", ""43'""]","['Alcácer ', 'Gerard Moreno ']",[],[],48,46,6,8,10.0,5.0,0.578,0.267,1.933,1.0,1.267,2.067,2.29,2.226,0.0,0.129,4.429,0.143
20,28/06/2020,32,Levante,Betis,4-2,4,2,0,L,0,Jaime Latre,0,4,0,0,"[""21'"", ""35'"", ""50'"", ""59'""]","['Mayoral ', 'Bardhi ', 'Morales ', 'Rochina ']","[""69'"", ""87'""]","['Canales ', 'Juanmi ']",38,37,12,13,6.0,7.0,0.556,0.2,1.333,0.733,0.933,1.667,2.323,2.742,0.0,0.194,5.385,0.154
20,28/06/2020,32,Espanyol,RealMadrid,0-1,0,1,0,V,0,Mateu Lahoz,1,1,0,0,[],[],"[""44'""]",['Casemiro '],24,68,20,2,4.0,12.0,0.244,0.622,1.0,1.6,1.8,0.733,2.903,2.161,0.065,0.032,6.125,0.188
20,26/06/2020,32,Sevilla,Valladolid,1-1,1,1,1,E,0,Pizarro Gómez,3,2,0,0,"[""83'""]",['Ocampos '],"[""25'""]",['Kiko Olivas '],53,34,4,15,7.0,5.0,0.6,0.356,1.4,0.733,0.867,1.4,2.677,2.355,0.0,0.0,3.8,0.0
20,27/06/2020,32,CeltadeVigo,Barcelona,2-2,2,2,0,E,0,Cuadra Fernández,3,4,0,0,"[""49'"", ""87'""]","['Smolov ', 'Iago Aspas ']","[""19'"", ""66'""]","['Luis Suárez ', 'Luis Suárez ']",33,68,16,1,8.0,13.0,0.444,0.489,1.067,1.467,0.867,1.267,2.677,2.548,0.097,0.065,5.0,0.125
20,27/06/2020,32,AtléticodeMadrid,Alavés,2-1,2,1,1,L,1,Melero López,3,2,0,0,"[""59'"", ""73'""]","['Saúl ', 'Diego Costa ']","[""93'""]",['Joselu '],55,35,3,14,11.0,4.0,0.711,0.2,1.4,0.733,0.6,2.267,2.452,3.065,0.0,0.097,6.188,0.0
20,27/06/2020,32,AthleticClub,Mallorca,3-1,3,1,1,L,1,González Fuertes,1,2,0,0,"[""15'"", ""23'"", ""89'""]","['Raúl García ', 'Sancet ', 'Villalibre ']","[""69'""]",['Budimir '],42,26,10,18,8.0,4.0,0.622,0.111,1.133,0.8,0.533,2.2,2.484,2.419,0.032,0.0,6.2,0.067
20,27/06/2020,32,Osasuna,Leganés,2-1,2,1,0,L,0,Alberola Rojas,1,1,0,0,"[""8'"", ""96'""]","['Enric Gallego ', 'Enric Gallego ']","[""49'""]",['Avilés '],38,25,11,19,7.0,5.0,0.444,0.2,1.333,0.6,1.667,1.533,2.968,3.452,0.065,0.032,4.0,0.062
20,02/07/2020,33,RealSociedad,Espanyol,2-1,2,1,0,L,0,Sánchez Martínez,2,1,0,0,"[""56'"", ""84'""]","['Willian José ', 'Isak ']","[""10'""]",['David López '],47,24,7,20,1.0,4.0,0.562,0.271,1.812,0.688,1.0,1.438,2.188,2.844,0.0,0.062,6.188,0.062
20,02/07/2020,33,RealMadrid,Getafe,1-0,1,0,1,L,0,Martínez Munuera,5,5,0,0,"[""79'""]",['Sergio Ramos '],[],[],71,52,1,5,15.0,6.0,0.833,0.458,2.188,1.125,0.625,1.0,2.125,3.594,0.031,0.031,5.438,0.0
20,02/07/2020,33,Eibar,Osasuna,0-2,0,2,0,V,0,Munuera Montero,1,1,0,0,[],[],"[""6'"", ""74'""]","['Rubén García ', 'Rubén García ']",35,41,16,12,8.0,7.0,0.479,0.375,1.375,1.0,1.375,1.312,2.531,2.906,0.031,0.062,4.188,0.188
20,01/07/2020,33,Valladolid,Levante,0-0,0,0,0,E,0,Medié Jiménez,2,1,0,0,[],[],[],[],35,41,15,11,6.0,8.0,0.396,0.271,0.938,1.062,0.875,1.875,2.344,2.25,0.0,0.0,6.312,0.062
20,01/07/2020,33,Valencia,AthleticClub,0-2,0,2,0,V,0,Estrada Fernández,1,0,0,0,[],[],"[""13'"", ""46'""]","['Raúl García ', 'Raúl García ']",46,45,8,9,4.0,8.0,0.708,0.292,1.625,1.0,0.812,1.188,2.219,2.438,0.125,0.031,7.059,0.118
20,01/07/2020,33,Alavés,Granada,0-2,0,2,0,V,0,Prieto Iglesias,3,2,0,0,[],[],"[""25'"", ""48'""]","['Antoñín ', 'Soldado ']",35,43,14,10,3.0,5.0,0.542,0.292,1.25,1.188,0.75,1.625,3.031,2.938,0.094,0.0,5.467,0.267
20,30/06/2020,33,Mallorca,CeltadeVigo,5-1,5,1,1,L,1,De Burgos Bengoetxea,3,3,0,0,"[""13'"", ""27'"", ""40'"", ""52'"", ""60'""]","['Budimir ', 'Cucho Hernández ', 'Pozo ', 'Budimir ', 'Salva Sevilla ']","[""50'""]",['Iago Aspas '],26,34,18,17,1.0,8.0,0.438,0.271,1.062,0.812,1.188,1.375,2.406,2.688,0.0,0.094,5.786,0.071
20,30/06/2020,33,Leganés,Sevilla,0-3,0,3,0,V,0,Soto Grado,4,3,0,0,[],[],"[""22'"", ""34'"", ""81'""]","['liver Torres ', 'liver Torres ', 'Munir ']",25,54,19,4,2.0,7.0,0.333,0.542,0.875,1.438,1.312,1.188,3.375,2.688,0.031,0.0,5.438,0.0
20,30/06/2020,33,Barcelona,AtléticodeMadrid,2-2,2,2,1,E,2,Hernández Hernández,3,5,0,0,"[""11'"", ""49'""]","['Propia Puerta', 'Messi ']","[""17'"", ""62'""]","['Saúl ', 'Saúl ']",69,58,2,3,11.0,13.0,0.958,0.479,3.0,1.125,0.75,0.812,2.594,2.469,0.062,0.0,5.5,0.0
20,01/07/2020,33,Betis,Villarreal,0-2,0,2,0,V,1,Gil Manzano,4,1,0,0,[],[],"[""7'"", ""30'""]","['Gerard Moreno ', 'Gerard Moreno ']",37,51,13,6,4.0,13.0,0.583,0.458,1.875,1.25,1.438,1.312,2.781,2.219,0.188,0.0,5.176,0.059
20,05/07/2020,34,Osasuna,Getafe,0-0,0,0,0,E,0,Melero López,5,4,0,0,[],[],[],[],44,52,11,6,9.0,6.0,0.479,0.458,1.375,1.125,1.625,1.0,2.848,3.636,0.061,0.03,6.118,0.0
20,06/07/2020,34,Levante,RealSociedad,1-1,1,1,0,E,0,Pizarro Gómez,3,2,0,0,"[""15'""]",['Morales '],"[""12'""]",['Isak '],42,50,12,7,8.0,3.0,0.583,0.417,1.5,1.188,1.0,1.562,2.212,2.182,0.0,0.0,3.875,0.0
20,05/07/2020,34,Villarreal,Barcelona,1-4,1,4,0,V,0,Del Cerro Grande,1,0,0,0,"[""14'""]",['Gerard Moreno '],"[""3'"", ""20'"", ""45'"", ""86'""]","['Propia Puerta', 'Luis Suárez ', 'Griezmann ', 'Ansu Fati ']",54,70,5,2,13.0,9.0,0.604,0.479,1.938,1.5,1.188,1.312,2.182,2.606,0.0,0.061,4.133,0.067
20,06/07/2020,34,Sevilla,Eibar,1-0,1,0,0,L,0,Mateu Lahoz,2,1,0,0,"[""55'""]",['Ocampos '],[],[],57,35,4,16,7.0,8.0,0.583,0.25,1.375,0.75,0.875,1.625,2.697,2.485,0.0,0.03,5.882,0.176
20,05/07/2020,34,Espanyol,Leganés,0-1,0,1,0,V,0,Cuadra Fernández,4,3,0,0,[],[],"[""53'""]",['Jonathan Silva '],24,25,20,19,1.0,2.0,0.229,0.188,0.938,0.625,1.75,1.562,2.788,3.394,0.061,0.03,5.118,0.118
20,04/07/2020,34,Granada,Valencia,2-2,2,2,1,E,0,Cordero Vega,2,2,0,0,"[""60'"", ""85'""]","['Carlos Fernández ', 'Fede Vico ']","[""62'"", ""68'""]","['Manu Vallejo ', 'Guedes ']",46,46,10,9,5.0,3.0,0.604,0.25,1.188,0.938,0.75,2.062,2.909,2.182,0.0,0.121,4.059,0.118
20,04/07/2020,34,Valladolid,Alavés,1-0,1,0,0,L,0,Jaime Latre,3,2,0,0,"[""87'""]",['Joaquín '],[],[],36,35,14,15,4.0,3.0,0.396,0.188,0.938,0.75,0.875,2.25,2.333,3.03,0.0,0.091,5.286,0.143
20,04/07/2020,34,CeltadeVigo,Betis,1-1,1,1,0,E,0,González Fuertes,5,4,0,0,"[""22'""]",['Nolito '],"[""79'""]",['Feddal '],34,37,17,13,8.0,4.0,0.438,0.188,1.125,0.812,0.938,1.812,2.697,2.818,0.091,0.182,6.0,0.062
20,03/07/2020,34,AtléticodeMadrid,Mallorca,3-0,3,0,1,L,0,Alberola Rojas,2,1,0,0,"[""29'"", ""45+4'"", ""79'""]","['Morata ', 'Morata ', 'Koke ']",[],[],59,29,3,18,13.0,4.0,0.729,0.104,1.438,0.812,0.625,2.25,2.545,2.424,0.0,0.0,3.882,0.059
20,05/07/2020,34,AthleticClub,RealMadrid,0-1,0,1,0,V,1,González González,4,3,0,0,[],[],"[""73'""]",['Sergio Ramos '],48,74,8,1,10.0,15.0,0.646,0.646,1.25,1.562,0.562,0.688,2.364,2.212,0.03,0.03,4.267,0.133
20,10/07/2020,35,RealSociedad,Granada,2-3,2,3,0,V,0,Martínez Munuera,2,3,0,0,"[""47'"", ""83'""]","['Merino ', 'Oyarzabal ']","[""21'"", ""43'"", ""88'""]","['Puertas ', 'Soldado ', 'Duarte ']",51,47,7,10,4.0,5.0,0.588,0.333,1.824,1.235,1.0,1.529,2.176,2.882,0.0,0.0,5.706,0.0
20,10/07/2020,35,RealMadrid,Alavés,2-0,2,0,1,L,0,Gil Manzano,0,1,0,0,"[""11'"", ""50'""]","['Benzema ', 'Asensio ']",[],[],77,35,1,15,15.0,0.0,0.843,0.176,2.118,0.706,0.588,2.176,2.235,3.0,0.029,0.088,5.167,0.056
20,09/07/2020,35,Mallorca,Levante,2-0,2,0,0,L,0,Soto Grado,3,1,0,0,"[""40'"", ""84'""]","['Cucho Hernández ', 'Kubo ']",[],[],29,43,18,12,4.0,8.0,0.471,0.275,1.294,1.0,1.176,1.765,2.382,2.235,0.0,0.0,5.529,0.0
20,09/07/2020,35,Eibar,Leganés,0-0,0,0,0,E,0,Prieto Iglesias,3,3,0,0,[],[],[],[],35,28,16,19,7.0,5.0,0.451,0.235,1.294,0.647,1.412,1.471,2.441,3.382,0.029,0.029,5.438,0.25
20,09/07/2020,35,AthleticClub,Sevilla,1-2,1,2,0,V,0,Medié Jiménez,3,2,0,0,"[""28'""]",['Capa '],"[""69'"", ""73'""]","['Banega ', 'Munir ']",48,60,8,4,9.0,9.0,0.608,0.569,1.176,1.529,0.588,1.118,2.412,2.676,0.029,0.0,6.118,0.059
20,08/07/2020,35,Getafe,Villarreal,1-3,1,3,0,V,2,Estrada Fernández,4,1,3,1,"[""79'""]",['Duro '],"[""65'"", ""85'"", ""93'""]","['Cazorla ', 'Cazorla ', 'Rubén Peña ']",53,54,6,5,6.0,10.0,0.588,0.49,1.412,1.294,0.882,1.235,3.647,2.147,0.029,0.0,6.722,0.111
20,08/07/2020,35,Betis,Osasuna,3-0,3,0,0,L,0,Hernández Hernández,1,5,0,0,"[""3'"", ""25'"", ""96'""]","['Guido Rodríguez ', 'Pedraza ', 'Aleñá ']",[],[],38,45,14,11,4.0,10.0,0.549,0.412,1.765,1.059,1.471,1.235,2.853,2.912,0.176,0.059,5.647,0.0
20,08/07/2020,35,Barcelona,Espanyol,1-0,1,0,0,L,0,Munuera Montero,0,3,1,1,"[""56'""]",['Luis Suárez '],[],[],73,24,2,20,9.0,0.0,0.922,0.255,2.941,0.706,0.824,1.471,2.529,2.824,0.059,0.059,4.059,0.176
20,07/07/2020,35,Valencia,Valladolid,2-1,2,1,0,L,0,De Burgos Bengoetxea,3,0,0,0,"[""30'"", ""88'""]","['Maxi Gómez ', 'Lee ']","[""46'""]",['Víctor García '],47,39,9,13,4.0,6.0,0.667,0.333,1.529,0.706,0.882,1.353,2.176,2.353,0.118,0.0,5.8,0.067
20,07/07/2020,35,CeltadeVigo,AtléticodeMadrid,1-1,1,1,0,E,0,Sánchez Martínez,4,3,0,0,"[""48'""]",['Fran Beltrán '],"[""1'""]",['Morata '],35,62,17,3,8.0,13.0,0.431,0.471,1.118,1.176,0.941,0.882,2.765,2.529,0.088,0.0,6.0,0.059
20,13/07/2020,36,Granada,RealMadrid,1-2,1,2,0,V,0,Jaime Latre,2,2,0,0,"[""50'""]",['Machís '],"[""10'"", ""16'""]","['Mendy ', 'Benzema ']",50,80,9,1,8.0,15.0,0.588,0.667,1.235,1.529,0.824,0.647,2.886,2.171,0.0,0.029,5.267,0.133
20,13/07/2020,36,Villarreal,RealSociedad,1-2,1,2,0,V,0,Cuadra Fernández,2,2,0,0,"[""84'""]",['Cazorla '],"[""61'"", ""75'""]","['Willian José ', 'Llorente ']",57,51,5,7,10.0,4.0,0.569,0.412,1.882,1.176,1.353,1.529,2.114,2.171,0.029,0.0,5.222,0.111
20,12/07/2020,36,Sevilla,Mallorca,2-0,2,0,1,L,0,Cordero Vega,3,2,0,0,"[""41'"", ""84'""]","['Ocampos ', 'Nesyri ']",[],[],63,32,4,18,11.0,6.0,0.608,0.098,1.353,0.765,0.824,2.294,2.657,2.4,0.0,0.0,4.056,0.111
20,12/07/2020,36,Levante,AthleticClub,1-2,1,2,0,V,0,Alberola Rojas,0,1,0,0,"[""70'""]",['Bardhi '],"[""3'"", ""45+1'""]","['Raúl García ', 'Raúl García ']",43,48,12,10,5.0,6.0,0.569,0.333,1.471,1.059,1.0,1.118,2.2,2.429,0.0,0.029,3.833,0.056
20,13/07/2020,36,Alavés,Getafe,0-0,0,0,0,E,0,González Fuertes,4,2,0,0,[],[],[],[],35,53,17,6,0.0,5.0,0.51,0.451,1.176,1.059,0.824,0.941,2.943,3.657,0.086,0.114,6.176,0.059
20,12/07/2020,36,Espanyol,Eibar,0-2,0,2,0,V,1,Del Cerro Grande,2,2,0,0,[],[],"[""24'"", ""35'""]","['Edu Expósito ', 'Edu Expósito ']",24,36,20,15,0.0,7.0,0.216,0.235,0.882,0.706,1.706,1.588,2.829,2.457,0.086,0.029,3.938,0.062
20,11/07/2020,36,Valladolid,Barcelona,0-1,0,1,0,V,0,Mateu Lahoz,2,2,0,0,[],[],"[""15'""]",['Vidal '],39,76,14,2,6.0,11.0,0.431,0.51,0.941,1.647,0.824,1.294,2.286,2.457,0.0,0.086,5.722,0.167
20,11/07/2020,36,Osasuna,CeltadeVigo,2-1,2,1,0,L,0,Pizarro Gómez,2,2,0,0,"[""23'"", ""91'""]","['Enric Gallego ', 'Arnaiz ']","[""11'""]",['Santi Mina '],45,36,11,16,10.0,6.0,0.471,0.255,1.294,0.824,1.529,1.588,2.971,2.8,0.057,0.086,3.941,0.0
20,11/07/2020,36,AtléticodeMadrid,Betis,1-0,1,0,0,L,0,González González,1,3,1,0,"[""74'""]",['Diego Costa '],[],[],63,41,3,13,11.0,7.0,0.745,0.196,1.529,0.824,0.588,1.765,2.543,2.8,0.0,0.171,4.438,0.125
20,12/07/2020,36,Leganés,Valencia,1-0,1,0,1,L,0,Melero López,4,1,1,0,"[""17'""]",['Rubén Pérez '],[],[],29,50,19,8,5.0,4.0,0.314,0.255,0.824,1.0,1.412,2.059,3.371,2.2,0.029,0.114,6.278,0.0
20,16/07/2020,37,Valencia,Espanyol,1-0,1,0,0,L,0,Prieto Iglesias,2,4,1,0,"[""16'""]",['Gameiro '],[],[],50,24,9,20,4.0,0.0,0.685,0.241,1.556,0.667,0.889,1.444,2.167,2.806,0.111,0.083,5.471,0.235
20,16/07/2020,37,RealSociedad,Sevilla,0-0,0,0,0,E,0,Del Cerro Grande,1,2,0,0,[],[],[],[],54,66,7,4,7.0,13.0,0.556,0.593,1.833,1.556,1.111,1.111,2.167,2.667,0.0,0.0,3.941,0.059
20,16/07/2020,37,Mallorca,Granada,1-2,1,2,0,V,0,Estrada Fernández,7,5,1,0,"[""20'""]",['Cucho Hernández '],"[""45'"", ""69'""]","['Víctor Díaz ', 'Carlos Fernández ']",32,50,18,10,6.0,7.0,0.5,0.37,1.333,1.333,1.111,1.556,2.389,2.861,0.0,0.0,6.632,0.316
20,16/07/2020,37,Getafe,AtléticodeMadrid,0-2,0,2,0,V,0,Mateu Lahoz,1,2,1,0,[],[],"[""53'"", ""79'""]","['Marcos Llorente ', 'Thomas ']",54,66,6,3,5.0,11.0,0.556,0.463,1.389,1.167,1.0,0.889,3.611,2.5,0.111,0.028,5.632,0.158
20,16/07/2020,37,RealMadrid,Villarreal,2-1,2,1,1,L,0,Hernández Hernández,3,2,0,0,"[""29'"", ""77'""]","['Benzema ', 'Benzema ']","[""83'""]",['Iborra '],83,57,1,5,15.0,9.0,0.852,0.519,2.111,1.389,0.556,1.222,2.167,2.111,0.028,0.028,5.667,0.0
20,16/07/2020,37,CeltadeVigo,Levante,2-3,2,3,0,V,0,Munuera Montero,3,0,0,1,"[""35'"", ""45'""]","['Santi Mina ', 'Iago Aspas ']","[""10'"", ""28'"", ""51'""]","['Bardhi ', 'Bardhi ', 'Mayoral ']",36,43,16,12,3.0,5.0,0.426,0.259,1.111,0.944,0.944,1.778,2.778,2.139,0.083,0.0,4.0,0.278
20,16/07/2020,37,Betis,Alavés,1-2,1,2,0,V,0,Medié Jiménez,6,4,1,1,"[""93'""]",['Loren '],"[""52'"", ""76'""]","['Joselu ', 'Rodrigo Ely ']",41,36,13,17,4.0,1.0,0.574,0.167,1.833,0.667,1.389,2.167,2.806,2.972,0.167,0.083,6.056,0.056
20,16/07/2020,37,Barcelona,Osasuna,1-2,1,2,0,V,0,Sánchez Martínez,4,1,0,1,"[""61'""]",['Messi '],"[""15'"", ""94'""]","['Arnaiz ', 'Roberto Torres ']",79,48,2,11,11.0,10.0,0.926,0.389,2.833,1.0,0.778,1.333,2.444,2.944,0.083,0.056,6.056,0.056
20,16/07/2020,37,AthleticClub,Leganés,0-2,0,2,0,V,0,Martínez Munuera,2,3,1,0,[],[],"[""79'"", ""94'""]","['Guerrero ', 'Assalé ']",51,32,8,19,9.0,7.0,0.574,0.241,1.167,0.611,0.667,1.389,2.389,3.389,0.028,0.056,5.667,0.0
20,16/07/2020,37,Eibar,Valladolid,3-1,3,1,1,L,0,Soto Grado,4,0,0,0,"[""20'"", ""27'"", ""92'""]","['Bigas ', 'Inui ', 'De Blasis ']","[""70'""]",['Sergi Guardiola '],39,39,15,14,7.0,5.0,0.444,0.315,1.222,0.722,1.333,1.389,2.444,2.278,0.028,0.0,5.444,0.0
20,19/07/2020,38,Villarreal,Eibar,4-0,4,0,0,L,0,Alberola Rojas,0,0,0,0,"[""70'"", ""85'"", ""88'"", ""93'""]","['Anguissa ', 'Gerard Moreno ', 'Gerard Moreno ', 'Moi Gómez ']",[],[],57,42,5,13,6.0,7.0,0.537,0.278,1.833,0.778,1.389,1.5,2.108,2.486,0.027,0.027,3.684,0.053
20,19/07/2020,38,Alavés,Barcelona,0-5,0,5,0,V,0,Martínez Munuera,0,0,0,0,[],[],"[""23'"", ""33'"", ""43'"", ""56'"", ""74'""]","['Ansu Fati ', 'Messi ', 'Luis Suárez ', 'Semedo ', 'Messi ']",39,79,16,2,4.0,10.0,0.5,0.537,1.111,1.611,0.778,1.222,3.0,2.486,0.108,0.081,5.632,0.053
20,19/07/2020,38,AtléticodeMadrid,RealSociedad,1-1,1,1,0,E,0,González Fuertes,1,2,0,0,"[""30'""]",['Koke '],"[""87'""]",['Januzaj '],69,55,3,6,11.0,8.0,0.759,0.444,1.5,1.222,0.556,1.5,2.486,2.135,0.027,0.0,6.167,0.056
20,19/07/2020,38,Espanyol,CeltadeVigo,0-0,0,0,0,E,0,Cordero Vega,2,3,0,0,[],[],[],[],24,36,20,17,0.0,2.0,0.204,0.241,0.833,0.833,1.722,1.611,2.838,2.784,0.081,0.081,4.105,0.105
20,19/07/2020,38,Granada,AthleticClub,4-0,4,0,0,L,0,Del Cerro Grande,1,2,0,0,"[""28'"", ""55'"", ""66'"", ""93'""]","['Soldado ', 'Puertas ', 'Carlos Fernández ', 'Montoro ']",[],[],53,51,8,11,10.0,6.0,0.556,0.37,1.222,1.111,0.889,1.111,2.919,2.378,0.0,0.054,3.889,0.056
20,19/07/2020,38,Leganés,RealMadrid,2-2,2,2,0,E,0,Cuadra Fernández,4,1,0,0,"[""45'"", ""78'""]","['Bryan Gil ', 'Assalé ']","[""8'"", ""51'""]","['Sergio Ramos ', 'Asensio ']",35,86,18,1,10.0,15.0,0.352,0.685,0.833,1.556,1.333,0.667,3.378,2.189,0.054,0.027,5.158,0.105
20,19/07/2020,38,Levante,Getafe,1-0,1,0,0,L,0,De Burgos Bengoetxea,2,4,0,0,"[""99'""]",['Coke '],[],[],46,54,12,7,5.0,2.0,0.537,0.444,1.444,1.0,1.056,0.889,2.081,3.541,0.027,0.135,5.625,0.062
20,19/07/2020,38,Osasuna,Mallorca,2-2,2,2,0,E,0,Mateu Lahoz,2,0,0,0,"[""21'"", ""67'""]","['Adrián ', 'Iñigo Pérez ']","[""45'"", ""64'""]","['Lumor ', 'Budimir ']",51,32,10,19,10.0,6.0,0.5,0.093,1.333,0.722,1.5,2.278,2.892,2.514,0.081,0.027,5.5,0.2
20,19/07/2020,38,Sevilla,Valencia,1-0,1,0,0,L,0,González González,0,1,0,0,"[""55'""]",['Reguilón '],[],[],67,53,4,9,13.0,7.0,0.63,0.241,1.389,0.944,0.778,2.0,2.649,2.162,0.0,0.135,4.412,0.176
20,19/07/2020,38,Valladolid,Betis,2-0,2,0,0,L,0,Jaime Latre,2,2,0,0,"[""45'"", ""64'""]","['Sergi Guardiola ', 'scar Plano ']",[],[],39,41,15,14,4.0,4.0,0.407,0.185,0.889,0.778,0.833,1.722,2.216,2.892,0.0,0.189,5.188,0.125
